year,code,name,大数据
2017,sz002258,利尔化学,0
2017,sz600696,*ST匹凸,1
2017,sz002189,利达光电,0
2017,sz002793,东音股份,0
2017,sz600829,人民同泰,0
2017,sz300320,海达股份,0
2017,sz603707,健友股份,1
2017,sz603618,杭电股份,1
2017,sz300536,农尚环境,0
2017,sz300413,快乐购,1
2017,sz000050,深天马Ａ,0
2017,sz300301,长方集团,0
2017,sz002677,浙江美大,0
2017,sz300102,乾照光电,0
2017,sz300146,汤臣倍健,0
2017,sz601005,*ST重钢,0
2017,sz603127,昭衍新药,0
2017,sz300590,移为通信,1
2017,sz600793,宜宾纸业,0
2017,sz300677,英科医疗,0
2017,sz300700,岱勒新材,0
2017,sz002084,海鸥住工,1
2017,sz002341,新纶科技,0
2017,sz600753,东方银星,0
2017,sz603730,岱美股份,0
2017,sz603826,坤彩科技,0
2017,sz002138,顺络电子,0
2017,sz300414,中光防雷,0
2017,sz300033,同花顺,1
2017,sz002349,精华制药,0
2017,sz002859,洁美科技,0
2017,sz002597,金禾实业,0
2017,sz000410,*ST沈机,0
2017,sz300016,北陆药业,0
2017,sz000683,远兴能源,0
2017,sz002262,恩华药业,0
2017,sz002661,克明面业,0
2017,sz600844,*ST丹科,0
2017,sz002240,威华股份,0
2017,sz603456,九洲药业,0
2017,sz600785,新华百货,1
2017,sz603456,九洲药业,0
2017,sz600058,五矿发展,0
2017,sz600556,ST慧球,0
2017,sz600226,瀚叶股份,1
2017,sz002382,蓝帆医疗,0
2017,sz600675,中华企业,1
2017,sz600190,锦州港,0
2017,sz600353,旭光股份,1
2017,sz600168,武汉控股,0
2017,sz600678,四川金顶,0
2017,sz002644,佛慈制药,0
2017,sz600282,南钢股份,1
2017,sz600516,方大炭素,0
2017,sz002459,天业通联,1
2017,sz002245,澳洋顺昌,0
2017,sz300618,寒锐钴业,0
2017,sz603626,科森科技,0
2017,sz000932,*ST华菱,0
2017,sz300204,舒泰神,0
2017,sz603077,和邦生物,0
2017,sz603225,新凤鸣,0
2017,sz300495,美尚生态,0
2017,sz300161,华中数控,1
2017,sz600077,宋都股份,1
2017,sz600423,*ST柳化,0
2017,sz600664,哈药股份,0
2017,sz002714,牧原股份,1
2017,sz600722,金牛化工,0
2017,sz600301,ST南化,0
2017,sz603078,江化微,0
2017,sz600360,华微电子,0
2017,sz300193,佳士科技,0
2017,sz600219,南山铝业,0
2017,sz300476,胜宏科技,0
2017,sz600507,方大特钢,0
2017,sz600733,S*ST前锋,0
2017,sz600816,安信信托,0
2017,sz600527,江南高纤,0
2017,sz300474,景嘉微,0
2017,sz600961,株冶集团,0
2017,sz300451,创业软件,1
2017,sz300483,沃施股份,0
2017,sz002741,光华科技,0
2017,sz601313,江南嘉捷,1
2017,sz002258,利尔化学,0
2017,sz900956,东贝Ｂ股,0
2017,sz600073,上海梅林,0
2017,sz600499,科达洁能,0
2017,sz600682,南京新百,1
2017,sz601677,明泰铝业,0
2017,sz603725,天安新材,1
2017,sz603788,宁波高发,0
2017,sz600106,重庆路桥,0
2017,sz600684,珠江实业,0
2017,sz600760,中航沈飞,0
2017,sz600990,四创电子,1
2017,sz601558,*ST锐电,1
2017,sz603313,梦百合,0
2017,sz603337,杰克股份,0
2017,sz603901,永创智能,0
2017,sz600076,康欣新材,0
2017,sz600369,西南证券,1
2017,sz600856,中天能源,0
2017,sz600861,北京城乡,1
2017,sz600966,博汇纸业,0
2017,sz603357,设计总院,0
2017,sz603363,傲农生物,1
2017,sz603377,东方时尚,0
2017,sz603639,海利尔,1
2017,sz603990,麦迪科技,1
2017,sz300259,新天科技,1
2017,sz600428,中远海特,0
2017,sz603029,天鹅股份,1
2017,sz603228,景旺电子,1
2017,sz603578,三星新材,1
2017,sz002134,*ST普林,0
2017,sz002024,苏宁易购,1
2017,sz600141,兴发集团,0
2017,sz600329,中新药业,1
2017,sz600365,通葡股份,0
2017,sz600439,瑞贝卡,0
2017,sz600615,丰华股份,0
2017,sz600630,龙头股份,0
2017,sz600718,东软集团,1
2017,sz600812,华北制药,0
2017,sz603717,天域生态,0
2017,sz300342,天银机电,0
2017,sz300353,东土科技,1
2017,sz002368,太极股份,1
2017,sz002019,亿帆医药,0
2017,sz002002,鸿达兴业,0
2017,sz002762,金发拉比,1
2017,sz002285,世联行,1
2017,sz300213,佳讯飞鸿,1
2017,sz000333,美的集团,1
2017,sz300128,锦富技术,1
2017,sz600006,东风汽车,0
2017,sz600056,中国医药,0
2017,sz600078,澄星股份,0
2017,sz002798,帝王洁具,0
2017,sz600081,东风科技,0
2017,sz600131,岷江水电,0
2017,sz600350,山东高速,1
2017,sz300147,香雪制药,1
2017,sz300719,安达维尔,0
2017,sz300190,维尔利,0
2017,sz300044,赛为智能,1
2017,sz300252,金信诺,1
2017,sz300437,清水源,0
2017,sz000978,桂林旅游,0
2017,sz300324,旋极信息,1
2017,sz002532,新界泵业,1
2017,sz300223,北京君正,1
2017,sz600121,*ST郑煤,0
2017,sz600135,乐凯胶片,0
2017,sz600222,太龙药业,0
2017,sz600248,延长化建,0
2017,sz600300,维维股份,1
2017,sz600455,博通股份,1
2017,sz600466,蓝光发展,1
2017,sz600917,重庆燃气,0
2017,sz601128,常熟银行,1
2017,sz601968,宝钢包装,0
2017,sz300110,华仁药业,0
2017,sz002365,永安药业,0
2017,sz002314,南山控股,0
2017,sz300639,凯普生物,0
2017,sz000623,吉林敖东,0
2017,sz002324,普利特,1
2017,sz002471,中超控股,0
2017,sz300244,迪安诊断,1
2017,sz300633,开立医疗,0
2017,sz002408,齐翔腾达,0
2017,sz002421,达实智能,1
2017,sz002187,广百股份,1
2017,sz002152,广电运通,1
2017,sz000089,深圳机场,1
2017,sz000890,法 尔 胜,0
2017,sz002140,东华科技,0
2017,sz002030,达安基因,0
2017,sz002430,杭氧股份,1
2017,sz601901,方正证券,0
2017,sz603817,海峡环保,0
2017,sz300629,新劲刚,0
2017,sz000404,华意压缩,0
2017,sz600713,南京医药,1
2017,sz601377,兴业证券,0
2017,sz000792,盐湖股份,1
2017,sz603006,联明股份,0
2017,sz603156,养元饮品,0
2017,sz300194,福安药业,0
2017,sz000969,安泰科技,0
2017,sz002016,世荣兆业,0
2017,sz200053,深基地Ｂ,0
2017,sz000785,武汉中商,0
2017,sz600218,全柴动力,0
2017,sz600667,太极实业,1
2017,sz000993,闽东电力,0
2017,sz002612,朗姿股份,1
2017,sz000860,顺鑫农业,0
2017,sz000958,东方能源,0
2017,sz600343,航天动力,0
2017,sz600973,宝胜股份,0
2017,sz300273,和佳股份,1
2017,sz000016,深康佳Ａ,1
2017,sz600278,东方创业,0
2017,sz600833,第一医药,0
2017,sz601933,永辉超市,0
2017,sz300375,鹏翎股份,0
2017,sz002289,宇顺电子,0
2017,sz600085,同仁堂,0
2017,sz600757,长江传媒,1
2017,sz002061,浙江交科,0
2017,sz603928,兴业股份,1
2017,sz002742,三圣股份,0
2017,sz600647,同达创业,0
2017,sz600061,国投资本,1
2017,sz600200,江苏吴中,0
2017,sz600493,凤竹纺织,0
2017,sz600561,江西长运,1
2017,sz600605,汇通能源,0
2017,sz600616,金枫酒业,0
2017,sz600689,上海三毛,0
2017,sz600846,同济科技,0
2017,sz601000,唐山港,0
2017,sz900953,凯马Ｂ,0
2017,sz002032,苏 泊 尔,0
2017,sz300305,裕兴股份,0
2017,sz000544,中原环保,1
2017,sz002109,兴化股份,0
2017,sz000531,穗恒运Ａ,0
2017,sz300215,电科院,0
2017,sz002799,环球印务,0
2017,sz002184,海得控制,1
2017,sz002598,山东章鼓,0
2017,sz002561,徐家汇,1
2017,sz000722,湖南发展,0
2017,sz603636,南威软件,1
2017,sz603580,艾艾精工,0
2017,sz603556,海兴电力,1
2017,sz603081,大丰实业,0
2017,sz601992,金隅集团,0
2017,sz601991,大唐发电,0
2017,sz601919,中远海控,1
2017,sz601828,美凯龙,1
2017,sz601800,中国交建,1
2017,sz601601,中国太保,1
2017,sz600958,东方证券,1
2017,sz600803,新奥股份,0
2017,sz600754,锦江股份,0
2017,sz600663,陆家嘴,1
2017,sz600611,大众交通,1
2017,sz600016,民生银行,1
2017,sz900939,汇丽B,0
2017,sz603993,洛阳钼业,0
2017,sz603800,道森股份,0
2017,sz601866,中远海发,0
2017,sz601717,郑煤机,0
2017,sz601390,中国中铁,0
2017,sz601038,一拖股份,1
2017,sz601018,宁波港,0
2017,sz600767,*ST运盛,0
2017,sz600744,华银电力,0
2017,sz600735,新华锦,0
2017,sz600658,电子城,1
2017,sz600635,大众公用,1
2017,sz600576,祥源文化,0
2017,sz600536,中国软件,1
2017,sz600422,昆药集团,0
2017,sz600403,*ST大有,0
2017,sz600320,振华重工,1
2017,sz600115,东方航空,1
2017,sz600416,湘电股份,0
2017,sz600643,爱建集团,0
2017,sz601375,中原证券,1
2017,sz601727,上海电气,1
2017,sz603089,正裕工业,0
2017,sz603186,华正新材,1
2017,sz603721,中广天择,0
2017,sz603883,老百姓,1
2017,sz600340,华夏幸福,1
2017,sz600769,祥龙电业,0
2017,sz600784,鲁银投资,0
2017,sz603030,全筑股份,1
2017,sz603096,新经典,0
2017,sz600163,中闽能源,0
2017,sz600549,厦门钨业,0
2017,sz600685,中船防务,0
2017,sz600750,江中药业,1
2017,sz600775,南京熊猫,1
2017,sz600908,无锡银行,1
2017,sz601328,交通银行,0
2017,sz603098,森特股份,0
2017,sz603309,维力医疗,0
2017,sz603607,京华激光,0
2017,sz603938,三孚股份,0
2017,sz000585,东北电气,0
2017,sz600396,金山股份,0
2017,sz600582,天地科技,0
2017,sz601618,中国中冶,0
2017,sz601988,中国银行,0
2017,sz601988,中国银行,1
2017,sz600438,通威股份,1
2017,sz600452,涪陵电力,0
2017,sz600707,彩虹股份,0
2017,sz600875,东方电气,0
2017,sz601326,秦港股份,1
2017,sz002700,新疆浩源,0
2017,sz002624,完美世界,0
2017,sz002917,金奥博,1
2017,sz002429,兆驰股份,1
2017,sz300523,辰安科技,1
2017,sz002896,中大力德,0
2017,sz002786,银宝山新,1
2017,sz600187,国中水务,0
2017,sz600382,广东明珠,1
2017,sz002880,卫光生物,0
2017,sz601028,玉龙股份,0
2017,sz603879,永悦科技,0
2017,sz300455,康拓红外,0
2017,sz300692,中环环保,0
2017,sz002303,美盈森,0
2017,sz002925,盈趣科技,1
2017,sz300427,红相股份,1
2017,sz300516,久之洋,0
2017,sz300445,康斯特,0
2017,sz300018,中元股份,1
2017,sz300575,中旗股份,0
2017,sz002241,歌尔股份,1
2017,sz600068,葛洲坝,1
2017,sz600101,明星电力,0
2017,sz600259,广晟有色,0
2017,sz002482,广田集团,1
2017,sz002631,德尔未来,1
2017,sz300684,中石科技,0
2017,sz300653,正海生物,1
2017,sz002049,紫光国芯,1
2017,sz600008,首创股份,1
2017,sz601016,节能风电,0
2017,sz300479,神思电子,1
2017,sz300327,中颖电子,0
2017,sz002334,英威腾,1
2017,sz002815,崇达技术,0
2017,sz000798,中水渔业,0
2017,sz000928,中钢国际,0
2017,sz600893,航发动力,1
2017,sz601186,中国铁建,0
2017,sz603667,五洲新春,0
2017,sz603757,大元泵业,0
2017,sz000705,浙江震元,0
2017,sz300722,新余国科,0
2017,sz002821,凯莱英,0
2017,sz002428,云南锗业,0
2017,sz300562,乐心医疗,1
2017,sz600125,铁龙物流,0
2017,sz601918,新集能源,0
2017,sz603042,华脉科技,1
2017,sz002017,东信和平,1
2017,sz002367,康力电梯,1
2017,sz000698,沈阳化工,1
2017,sz600022,山东钢铁,0
2017,sz600059,古越龙山,1
2017,sz000920,南方汇通,1
2017,sz600724,宁波富达,0
2017,sz601225,陕西煤业,0
2017,sz002211,宏达新材,0
2017,sz300222,科大智能,1
2017,sz002037,久联发展,0
2017,sz601211,国泰君安,0
2017,sz002114,罗平锌电,0
2017,sz002533,金杯电工,0
2017,sz600621,华鑫股份,0
2017,sz601107,四川成渝,0
2017,sz601238,广汽集团,0
2017,sz300528,幸福蓝海,0
2017,sz002457,青龙管业,0
2017,sz002053,云南能投,1
2017,sz600252,中恒集团,0
2017,sz600805,悦达投资,0
2017,sz300406,九强生物,0
2017,sz000011,深物业A,0
2017,sz002770,科迪乳业,0
2017,sz600104,上汽集团,1
2017,sz600235,民丰特纸,0
2017,sz600249,两面针,0
2017,sz300480,光力科技,0
2017,sz002480,新筑股份,0
2017,sz000151,中成股份,0
2017,sz000921,海信科龙,0
2017,sz002409,雅克科技,0
2017,sz002238,天威视讯,1
2017,sz002302,西部建设,0
2017,sz000541,佛山照明,0
2017,sz300619,金银河,1
2017,sz000502,绿景控股,0
2017,sz002396,星网锐捷,1
2017,sz002079,苏州固锝,0
2017,sz300282,汇冠股份,1
2017,sz300403,地尔汉宇,0
2017,sz600218,全柴动力,0
2017,sz600258,首旅酒店,0
2017,sz002248,*ST东数,0
2017,sz300026,红日药业,0
2017,sz300229,拓尔思,1
2017,sz002423,中原特钢,0
2017,sz002208,合肥城建,0
2017,sz600571,信雅达,1
2017,sz000959,首钢股份,0
2017,sz000006,深振业Ａ,1
2017,sz603528,多伦科技,1
2017,sz603656,泰禾光电,0
2017,sz603698,航天工程,0
2017,sz000686,东北证券,1
2017,sz600889,南京化纤,0
2017,sz603336,宏辉果蔬,0
2017,sz300328,宜安科技,0
2017,sz600272,开开实业,1
2017,sz600283,钱江水利,0
2017,sz600426,华鲁恒升,0
2017,sz600692,亚通股份,1
2017,sz600885,宏发股份,0
2017,sz603002,宏昌电子,0
2017,sz000559,万向钱潮,1
2017,sz000591,太阳能,0
2017,sz000936,华西股份,1
2017,sz000875,吉电股份,0
2017,sz002166,莱茵生物,0
2017,sz002888,惠威科技,0
2017,sz000677,恒天海龙,0
2017,sz000551,创元科技,0
2017,sz603933,睿能科技,1
2017,sz900929,锦旅Ｂ股,0
2017,sz600026,中远海能,1
2017,sz600362,江西铜业,0
2017,sz603278,大业股份,0
2017,sz603398,邦宝益智,1
2017,sz603839,安正时尚,1
2017,sz603929,亚翔集成,0
2017,sz300117,嘉寓股份,0
2017,sz600725,ST云维,0
2017,sz601811,新华文轩,1
2017,sz601828,美凯龙,1
2017,sz600593,大连圣亚,1
2017,sz600116,三峡水利,0
2017,sz601766,中国中车,1
2017,sz000662,天夏智慧,1
2017,sz600279,重庆港九,1
2017,sz601012,隆基股份,0
2017,sz603166,福达股份,0
2017,sz002400,省广股份,1
2017,sz600650,锦江投资,0
2017,sz600962,国投中鲁,1
2017,sz603108,润达医疗,0
2017,sz002142,宁波银行,1
2017,sz002910,庄园牧场,1
2017,sz002401,中远海科,1
2017,sz002230,科大讯飞,1
2017,sz300548,博创科技,0
2017,sz002860,星帅尔,0
2017,sz000034,神州数码,1
2017,sz300205,天喻信息,1
2017,sz000338,潍柴动力,1
2017,sz002771,真视通,1
2017,sz002178,延华智能,1
2017,sz600223,鲁商置业,0
2017,sz600521,华海药业,0
2017,sz300579,数字认证,1
2017,sz601818,光大银行,1
2017,sz601881,中国银河,0
2017,sz000159,国际实业,0
2017,sz000555,神州信息,1
2017,sz000045,深纺织Ａ,0
2017,sz600273,嘉化能源,0
2017,sz601333,广深铁路,0
2017,sz601636,旗滨集团,0
2017,sz300378,鼎捷软件,1
2017,sz600251,冠农股份,1
2017,sz600495,晋西车轴,0
2017,sz300349,金卡智能,1
2017,sz300036,超图软件,1
2017,sz002039,黔源电力,0
2017,sz600392,盛和资源,0
2017,sz600488,天药股份,0
2017,sz002410,广联达,1
2017,sz002392,北京利尔,0
2017,sz300705,九典制药,0
2017,sz601688,华泰证券,1
2017,sz000029,深深房Ａ,0
2017,sz600328,兰太实业,1
2017,sz600583,海油工程,0
2017,sz600604,市北高新,1
2017,sz600790,轻纺城,0
2017,sz603663,三祥新材,0
2017,sz600458,时代新材,0
2017,sz601555,东吴证券,1
2017,sz600060,海信电器,0
2017,sz000880,潍柴重机,0
2017,sz000553,沙隆达Ａ,0
2017,sz000949,新乡化纤,0
2017,sz300567,精测电子,0
2017,sz000719,中原传媒,1
2017,sz600665,天地源,0
2017,sz600716,凤凰股份,0
2017,sz600741,华域汽车,0
2017,sz600109,国金证券,0
2017,sz600835,上海机电,1
2017,sz002643,万润股份,0
2017,sz000014,沙河股份,0
2017,sz300346,南大光电,0
2017,sz603818,曲美家居,1
2017,sz603936,博敏电子,1
2017,sz601939,建设银行,1
2017,sz603367,辰欣药业,0
2017,sz603665,康隆达,0
2017,sz600400,红豆股份,0
2017,sz600742,一汽富维,0
2017,sz603178,圣龙股份,0
2017,sz603180,金牌厨柜,1
2017,sz600519,贵州茅台,0
2017,sz601398,工商银行,1
2017,sz601500,通用股份,1
2017,sz601808,中海油服,0
2017,sz600183,生益科技,1
2017,sz600871,石化油服,0
2017,sz600874,创业环保,0
2017,sz600976,健民集团,1
2017,sz601002,晋亿实业,0
2017,sz601168,西部矿业,0
2017,sz603866,桃李面包,0
2017,sz000488,晨鸣纸业,0
2017,sz000039,中集集团,1
2017,sz300373,扬杰科技,0
2017,sz300047,天源迪科,1
2017,sz002439,启明星辰,1
2017,sz600837,海通证券,1
2017,sz600858,银座股份,1
2017,sz600986,科达股份,1
2017,sz002465,海格通信,1
2017,sz300144,宋城演艺,1
2017,sz002339,积成电子,0
2017,sz000600,建投能源,0
2017,sz002090,金智科技,1
2017,sz600292,远达环保,1
2017,sz600373,中文传媒,0
2017,sz600657,信达地产,0
2017,sz000635,英 力 特,1
2017,sz300717,华信新材,0
2017,sz002424,贵州百灵,0
2017,sz300570,太辰光,1
2017,sz300569,天能重工,0
2017,sz300009,安科生物,1
2017,sz002594,比亚迪,0
2017,sz002060,粤 水 电,1
2017,sz600528,中铁工业,1
2017,sz600540,*ST新赛,0
2017,sz600600,青岛啤酒,1
2017,sz000728,国元证券,1
2017,sz002256,兆新股份,0
2017,sz300596,利安隆,0
2017,sz601886,江河集团,0
2017,sz002660,茂硕电源,0
2017,sz000517,荣安地产,0
2017,sz300339,润和软件,1
2017,sz002383,合众思壮,1
2017,sz600094,大名城,1
2017,sz601069,西部黄金,0
2017,sz603299,井神股份,0
2017,sz603615,茶花股份,1
2017,sz300101,振芯科技,1
2017,sz002414,高德红外,0
2017,sz600018,上港集团,1
2017,sz600579,天华院,0
2017,sz600999,招商证券,1
2017,sz002297,博云新材,0
2017,sz002596,海南瑞泽,0
2017,sz002818,富森美,1
2017,sz002845,同兴达,1
2017,sz000721,西安饮食,0
2017,sz000615,京汉股份,0
2017,sz600260,凯乐科技,1
2017,sz601111,中国国航,1
2017,sz000429,粤高速Ａ,0
2017,sz600965,福成股份,0
2017,sz603067,振华股份,0
2017,sz300429,强力新材,0
2017,sz002225,濮耐股份,0
2017,sz002749,国光股份,0
2017,sz600064,南京高科,0
2017,sz603258,电魂网络,0
2017,sz603768,常青股份,0
2017,sz002536,西泵股份,0
2017,sz600386,北巴传媒,1
2017,sz603322,超讯通信,1
2017,sz002807,江阴银行,0
2017,sz002658,雪迪龙,1
2017,sz600676,交运股份,1
2017,sz600756,浪潮软件,1
2017,sz300127,银河磁体,0
2017,sz002493,荣盛石化,0
2017,sz601872,招商轮船,0
2017,sz603025,大豪科技,1
2017,sz603658,安图生物,0
2017,sz600170,上海建工,0
2017,sz600620,天宸股份,0
2017,sz300092,科新机电,0
2017,sz300507,苏奥传感,1
2017,sz300708,聚灿光电,1
2017,sz300421,力星股份,1
2017,sz300105,龙源技术,0
2017,sz601880,大连港,0
2017,sz600608,*ST沪科,1
2017,sz601288,农业银行,1
2017,sz300027,华谊兄弟,0
2017,sz600748,上实发展,1
2017,sz600794,保税科技,0
2017,sz601788,光大证券,1
2017,sz603978,深圳新星,0
2017,sz600419,天润乳业,0
2017,sz600570,恒生电子,1
2017,sz603898,好莱客,1
2017,sz600027,华电国际,0
2017,sz603007,花王股份,0
2017,sz300309,吉艾科技,0
2017,sz300185,通裕重工,0
2017,sz300138,晨光生物,0
2017,sz300296,利亚德,1
2017,sz002461,珠江啤酒,1
2017,sz000777,中核科技,0
2017,sz002616,长青集团,0
2017,sz002228,合兴包装,0
2017,sz601998,中信银行,1
2017,sz002265,西仪股份,0
2017,sz300068,南都电源,1
2017,sz000096,广聚能源,0
2017,sz002417,深南股份,0
2017,sz300655,晶瑞股份,0
2017,sz002875,安奈儿,0
2017,sz002193,如意集团,1
2017,sz600196,复星医药,0
2017,sz600326,西藏天路,0
2017,sz600565,迪马股份,0
2017,sz600673,东阳光科,0
2017,sz603038,华立股份,0
2017,sz000898,鞍钢股份,1
2017,sz000738,航发控制,0
2017,sz000851,高鸿股份,1
2017,sz002294,信立泰,0
2017,sz600267,海正药业,0
2017,sz000002,万 科Ａ,0
2017,sz600270,外运发展,0
2017,sz600287,江苏舜天,0
2017,sz600535,天士力,1
2017,sz600623,华谊集团,0
2017,sz600886,国投电力,1
2017,sz300103,达刚路机,1
2017,sz002503,搜于特,0
2017,sz300532,今天国际,1
2017,sz300520,科大国创,1
2017,sz002586,围海股份,0
2017,sz002023,海特高新,0
2017,sz000552,靖远煤电,1
2017,sz002186,全 聚 德,0
2017,sz600597,光明乳业,1
2017,sz603520,司太立,0
2017,sz603916,苏博特,0
2017,sz001979,招商蛇口,1
2017,sz600158,中体产业,1
2017,sz603899,晨光文具,1
2017,sz002007,华兰生物,0
2017,sz600860,*ST京城,0
2017,sz002595,豪迈科技,0
2017,sz000402,金 融 街,0
2017,sz300322,硕贝德,0
2017,sz002572,索菲亚,1
2017,sz002838,道恩股份,0
2017,sz300586,美联新材,0
2017,sz002139,拓邦股份,1
2017,sz600029,南方航空,1
2017,sz600460,士兰微,1
2017,sz002119,康强电子,1
2017,sz000099,中信海直,0
2017,sz600435,北方导航,0
2017,sz600478,科力远,0
2017,sz603726,朗迪集团,1
2017,sz000731,四川美丰,0
2017,sz000895,双汇发展,0
2017,sz000819,岳阳兴长,0
2017,sz600269,赣粤高速,1
2017,sz600306,商业城,1
2017,sz600798,宁波海运,0
2017,sz300240,飞力达,0
2017,sz600731,湖南海利,0
2017,sz601579,会稽山,1
2017,sz000899,赣能股份,1
2017,sz002185,华天科技,1
2017,sz002534,杭锅股份,0
2017,sz002136,安 纳 达,0
2017,sz600311,荣华实业,0
2017,sz000919,金陵药业,0
2017,sz000631,顺发恒业,0
2017,sz300593,新雷能,0
2017,sz600012,皖通高速,1
2017,sz600028,中国石化,0
2017,sz600192,长城电工,0
2017,sz600206,有研新材,0
2017,sz600377,宁沪高速,1
2017,sz600801,华新水泥,0
2017,sz600877,*ST嘉陵,0
2017,sz600888,新疆众和,0
2017,sz601608,中信重工,0
2017,sz603039,泛微网络,0
2017,sz603179,新泉股份,0
2017,sz603939,益丰药房,1
2017,sz300701,森霸股份,0
2017,sz300237,美晨生态,0
2017,sz002768,国恩股份,0
2017,sz002703,浙江世宝,0
2017,sz000756,新华制药,0
2017,sz600970,中材国际,0
2017,sz603508,思维列控,1
2017,sz600233,圆通速递,1
2017,sz600265,ST景谷,0
2017,sz600319,亚星化学,0
2017,sz600531,豫光金铅,0
2017,sz601088,中国神华,0
2017,sz601969,海南矿业,0
2017,sz603777,来伊份,1
2017,sz601899,紫金矿业,0
2017,sz603019,中科曙光,1
2017,sz002466,天齐锂业,0
2017,sz600588,用友网络,1
2017,sz600836,界龙实业,0
2017,sz000918,嘉凯城,0
2017,sz002865,钧达股份,0
2017,sz002202,金风科技,1
2017,sz000776,广发证券,1
2017,sz600036,招商银行,1
2017,sz600188,兖州煤业,1
2017,sz601633,长城汽车,0
2017,sz603716,塞力斯,0
2017,sz600980,北矿科技,1
2017,sz601231,环旭电子,1
2017,sz603669,灵康药业,0
2017,sz002357,富临运业,0
2017,sz000513,丽珠集团,0
2017,sz600398,海澜之家,0
2017,sz600602,云赛智联,1
2017,sz600826,兰生股份,0
2017,sz600841,上柴股份,0
2017,sz600971,恒源煤电,0
2017,sz002882,金龙羽,0
2017,sz600462,九有股份,0
2017,sz300256,星星科技,1
2017,sz600723,首商股份,0
2017,sz002229,鸿博股份,0
2017,sz002839,张家港行,0
2017,sz000666,经纬纺机,0
2017,sz000971,高升控股,1
2017,sz000973,佛塑科技,0
2017,sz000628,高新发展,0
2017,sz600007,中国国贸,1
2017,sz300270,中威电子,1
2017,sz601607,上海医药,1
2017,sz002028,思源电气,0
2017,sz002372,伟星新材,1
2017,sz600548,深高速,1
2017,sz600859,王府井,1
2017,sz002772,众兴菌业,0
2017,sz300007,汉威科技,1
2017,sz000400,许继电气,0
2017,sz600099,林海股份,0
2017,sz600714,金瑞矿业,0
2017,sz600717,天津港,1
2017,sz000550,江铃汽车,1
2017,sz600975,新五丰,0
2017,sz601099,太平洋,0
2017,sz601158,重庆水务,1
2017,sz002862,实丰文化,0
2017,sz600268,国电南自,1
2017,sz600819,耀皮玻璃,0
2017,sz200152,山 航Ｂ,0
2017,sz600009,上海机场,0
2017,sz600266,北京城建,0
2017,sz600449,宁夏建材,0
2017,sz600560,金自天正,0
2017,sz000543,皖能电力,0
2017,sz000905,厦门港务,1
2017,sz000972,*ST中基,0
2017,sz603157,拉夏贝尔,1
2017,sz300001,特锐德,1
2017,sz000828,东莞控股,0
2017,sz600052,浙江广厦,0
2017,sz600221,海航控股,1
2017,sz000062,深圳华强,1
2017,sz600823,世茂股份,0
2017,sz000715,中兴商业,1
2017,sz002272,川润股份,1
2017,sz300188,美亚柏科,1
2017,sz000877,天山股份,0
2017,sz601600,中国铝业,0
2017,sz601857,中国石油,0
2017,sz300635,达安股份,0
2017,sz002011,盾安环境,0
2017,sz000812,陕西金叶,1
2017,sz600585,海螺水泥,0
2017,sz600995,文山电力,1
2017,sz600030,中信证券,0
2017,sz600358,国旅联合,1
2017,sz601619,嘉泽新能,1
2017,sz601628,中国人寿,1
2017,sz600095,哈高科,0
2017,sz300304,云意电气,0
2017,sz600876,洛阳玻璃,1
2017,sz601992,金隅集团,0
2017,sz300024,机器人,1
2017,sz300534,陇神戎发,1
2017,sz002253,川大智胜,1
2017,sz300034,钢研高纳,0
2017,sz002108,沧州明珠,0
2017,sz002584,西陇科学,1
2017,sz600096,云天化,1
2017,sz600511,国药股份,0
2017,sz000810,创维数字,1
2017,sz600873,梅花生物,0
2017,sz000401,冀东水泥,0
2017,sz603595,东尼电子,0
2017,sz603288,海天味业,1
2017,sz603859,能科股份,1
2017,sz600719,大连热电,0
2017,sz600987,航民股份,1
2017,sz002243,通产丽星,0
2017,sz600271,航天信息,1
2017,sz600420,现代制药,0
2017,sz600502,安徽水利,1
2017,sz601882,海天精工,0
2017,sz900948,伊泰Ｂ股,1
2017,sz000856,冀东装备,0
2017,sz600736,苏州高新,0
2017,sz002393,力生制药,0
2017,sz600720,祁连山,1
2017,sz600328,兰太实业,1
2017,sz601588,北辰实业,1
2017,sz603688,石英股份,1
2017,sz002080,中材科技,0
2017,sz000619,海螺型材,0
2017,sz600575,皖江物流,0
2017,sz600793,宜宾纸业,0
2017,sz000862,银星能源,0
2017,sz600459,贵研铂业,0
2017,sz603003,龙宇燃油,1
2017,sz603881,数据港,1
2017,sz000037,深南电A,0
2017,sz002662,京威股份,0
2017,sz600727,鲁北化工,0
2017,sz000028,国药一致,1
2017,sz300130,新国都,1
2017,sz002706,良信电器,0
2017,sz600210,紫江企业,0
2017,sz300659,中孚信息,1
2017,sz000965,天保基建,0
2017,sz000712,锦龙股份,0
2017,sz000557,西部创业,0
2017,sz601518,吉林高速,0
2017,sz000421,南京公用,0
2017,sz300436,广生堂,0
2017,sz600053,九鼎投资,0
2017,sz601898,中煤能源,1
2017,sz600418,江淮汽车,0
2017,sz002449,国星光电,0
2017,sz600299,安迪苏,0
2017,sz300052,中青宝,1
2017,sz600688,上海石化,0
2017,sz603969,银龙股份,0
2017,sz601069,西部黄金,0
2017,sz601318,中国平安,1
2017,sz601336,新华保险,0
2017,sz600335,国机汽车,0
2017,sz600508,上海能源,1
2017,sz600315,上海家化,1
2017,sz000948,南天信息,1
2017,sz600323,瀚蓝环境,0
2017,sz600808,马钢股份,0
2017,sz002728,特一药业,0
2017,sz000416,民生控股,0
2017,sz000537,广宇发展,0
2017,sz000565,渝三峡Ａ,0
2017,sz300509,新美星,0
2017,sz600136,当代明诚,1
2017,sz603167,渤海轮渡,0
2017,sz002667,鞍重股份,0
2017,sz600683,京投发展,0
2017,sz600738,兰州民百,0
2017,sz600136,当代明诚,1
2017,sz600293,三峡新材,0
2017,sz601015,陕西黑猫,0
2017,sz600898,国美通讯,0
2017,sz600963,岳阳林纸,0
2017,sz600497,驰宏锌锗,1
2017,sz603612,索通发展,1
2017,sz002362,汉王科技,1
2017,sz300178,腾邦国际,0
2017,sz600239,云南城投,0
2017,sz600738,兰州民百,0
2017,sz300690,双一科技,0
2017,sz002863,今飞凯达,0
2017,sz002870,香山股份,1
2017,sz600567,山鹰纸业,0
2017,sz603345,安井食品,1
2017,sz002244,滨江集团,0
2017,sz002820,桂发祥,0
2017,sz600217,中再资环,0
2017,sz600017,日照港,1
2017,sz600176,中国巨石,0
2017,sz600577,精达股份,1
2017,sz603368,柳州医药,1
2017,sz603396,金辰股份,1
2017,sz000507,珠海港,0
2017,sz300394,天孚通信,1
2017,sz300491,通合科技,0
2017,sz002717,岭南股份,0
2017,sz600649,城投控股,1
2017,sz603333,明星电缆,1
2017,sz002038,双鹭药业,0
2017,sz300014,亿纬锂能,0
2017,sz600761,安徽合力,0
2017,sz601200,上海环境,0
2017,sz603208,江山欧派,0
2017,sz600590,泰豪科技,1
2017,sz002729,好利来,0
2017,sz600982,宁波热电,0
2017,sz000807,云铝股份,0
2017,sz300046,台基股份,0
2017,sz002796,世嘉科技,0
2017,sz002519,银河电子,0
2017,sz200512,闽灿坤Ｂ,1
2017,sz603027,千禾味业,0
2017,sz300260,新莱应材,0
2017,sz300122,智飞生物,1
2017,sz600710,ST常林,0
2017,sz300563,神宇股份,0
2017,sz600520,文一科技,1
2017,sz600814,杭州解百,1
2017,sz002075,沙钢股份,1
2017,sz600114,东睦股份,0
2017,sz600322,天房发展,0
2017,sz002206,海 利 得,0
2017,sz600845,宝信软件,1
2017,sz000850,华茂股份,0
2017,sz600433,冠豪高新,0
2017,sz600655,豫园股份,1
2017,sz002523,天桥起重,1
2017,sz300131,英唐智控,1
2017,sz000848,承德露露,0
2017,sz300143,星普医科,0
2017,sz300226,上海钢联,1
2017,sz200986,粤华包Ｂ,1
2017,sz600728,佳都科技,1
2017,sz601996,丰林集团,0
2017,sz002507,涪陵榨菜,1
2017,sz600787,中储股份,1
2017,sz000031,中粮地产,0
2017,sz600507,方大特钢,0
2017,sz603579,荣泰健康,1
2017,sz300453,三鑫医疗,0
2017,sz600316,洪都航空,0
2017,sz600199,金种子酒,0
2017,sz000888,峨眉山Ａ,1
2017,sz002912,中新赛克,1
2017,sz300383,光环新网,1
2017,sz600660,福耀玻璃,1
2017,sz600308,华泰股份,0
2017,sz002761,多喜爱,1
2017,sz600099,林海股份,0
2017,sz600372,中航电子,0
2017,sz600765,中航重机,0
2017,sz600997,开滦股份,0
2017,sz600038,中直股份,0
2017,sz600862,中航高科,0
2017,sz300059,东方财富,1
2017,sz002520,日发精机,0
2017,sz300485,赛升药业,0
2017,sz600828,茂业商业,1
2017,sz603579,荣泰健康,1
2017,sz300398,飞凯材料,0
2017,sz300199,翰宇药业,0
2017,sz600332,白云山,1
2017,sz002159,三特索道,1
2017,sz300181,佐力药业,0
2017,sz600050,中国联通,1
2017,sz000063,中兴通讯,1
2017,sz300365,恒华科技,1
2017,sz002782,可立克,0
2017,sz600618,氯碱化工,1
2017,sz000990,诚志股份,1
2017,sz002891,中宠股份,0
2017,sz002801,微光股份,1
2017,sz603801,志邦股份,0
2017,sz603900,莱绅通灵,1
2017,sz000757,浩物股份,0
2017,sz600729,重庆百货,1
2017,sz600678,四川金顶,0
2017,sz600879,航天电子,0
2017,sz300275,梅安森,1
2017,sz002783,凯龙股份,0
2017,sz002737,葵花药业,1
2017,sz000695,滨海能源,0
2017,sz600067,冠城大通,0
2017,sz600211,西藏药业,0
2017,sz603021,山东华鹏,0
2017,sz300428,四通新材,0
2017,sz603806,福斯特,0
2017,sz600368,五洲交通,0
2017,sz002469,三维工程,0
2017,sz600483,福能股份,0
2017,sz600298,安琪酵母,0
2017,sz600569,安阳钢铁,0
2017,sz002571,*ST德力,1
2017,sz002389,南洋科技,0
2017,sz000652,泰达股份,0
2017,sz002419,天虹股份,1
2017,sz000999,华润三九,0
2017,sz300376,易事特,1
2017,sz002125,湘潭电化,0
2017,sz002911,佛燃股份,0
2017,sz300393,中来股份,0
2017,sz600490,鹏欣资源,0
2017,sz601155,新城控股,0
2017,sz000043,中航地产,1
2017,sz002117,东港股份,0
2017,sz002568,百润股份,0
2017,sz300357,我武生物,0
2017,sz603085,天成自控,0
2017,sz300416,苏试试验,0
2017,sz000987,越秀金控,1
2017,sz600367,红星发展,0
2017,sz000001,平安银行,1
2017,sz300114,中航电测,0
2017,sz002879,长缆科技,0
2017,sz600062,华润双鹤,0
2017,sz002688,金河生物,0
2017,sz600118,中国卫星,1
2017,sz002521,齐峰新材,1
2017,sz600705,中航资本,1
2017,sz000915,山大华特,0
2017,sz600463,空港股份,0
2017,sz002352,顺丰控股,1
2017,sz600011,华能国际,0
2017,sz000613,*ST东海A,0
2017,sz000582,北部湾港,0
2017,sz300302,同有科技,1
2017,sz600711,盛屯矿业,0
2017,sz601878,浙商证券,1
2017,sz603536,惠发股份,0
2017,sz300003,乐普医疗,1
2017,sz600523,贵航股份,0
2017,sz300681,英搏尔,0
2017,sz002233,塔牌集团,0
2017,sz002916,深南电路,0
2017,sz300656,民德电子,1
2017,sz300313,天山生物,0
2017,sz002648,卫星石化,0
2017,sz600179,安通控股,0
2017,sz600309,万华化学,0
2017,sz603677,奇精机械,0
2017,sz603033,三维股份,0
2017,sz603609,禾丰牧业,1
2017,sz601233,桐昆股份,0
2017,sz000301,东方市场,1
2017,sz000418,小天鹅Ａ,1
2017,sz600581,八一钢铁,0
2017,sz600765,中航重机,0
2017,sz002649,博彦科技,1
2017,sz300584,海辰药业,0
2017,sz600197,伊力特,0
2017,sz601137,博威合金,0
2017,sz002379,宏创控股,0
2017,sz600346,恒力股份,1
2017,sz000514,渝 开 发,0
2017,sz600207,安彩高科,0
2017,sz600338,西藏珠峰,0
2017,sz300557,理工光科,1
2017,sz000026,飞亚达Ａ,0
2017,sz002286,保龄宝,0
2017,sz002056,横店东磁,0
2017,sz603303,得邦照明,0
2017,sz000739,普洛药业,0
2017,sz600378,天科股份,0
2017,sz000795,英洛华,0
2017,sz300545,联得装备,0
2017,sz300559,佳发安泰,1
2017,sz603103,横店影视,1
2017,sz603518,维格娜丝,0
2017,sz601678,滨化股份,0
2017,sz002145,中核钛白,0
2017,sz300239,东宝生物,1
2017,sz600985,雷鸣科化,0
2017,sz002236,大华股份,1
2017,sz600113,浙江东日,0
2017,sz603138,海量数据,1
2017,sz603305,旭升股份,0
2017,sz002391,长青股份,0
2017,sz600284,浦东建设,0
2017,sz603926,铁流股份,0
2017,sz603311,金海环境,0
2017,sz002877,智能自控,0
2017,sz002014,永新股份,0
2017,sz300450,先导智能,1
2017,sz600071,凤凰光学,1
2017,sz603903,中持股份,0
2017,sz200992,中 鲁Ｂ,0
2017,sz300459,金科文化,1
2017,sz300505,川金诺,0
2017,sz600547,山东黄金,0
2017,sz002012,凯恩股份,0
2017,sz000822,山东海化,0
2017,sz603977,国泰集团,1
2017,sz000022,深赤湾Ａ,0
2017,sz002092,中泰化学,1
2017,sz002121,科陆电子,1
2017,sz600094,大名城,1
2017,sz000802,北京文化,0
2017,sz002326,永太科技,0
2017,sz300286,安科瑞,0
2017,sz002617,露笑科技,0
2017,sz300650,太龙照明,0
2017,sz601677,明泰铝业,0
2017,sz603535,嘉诚国际,1
2017,sz000782,美达股份,0
2017,sz000790,泰合健康,0
2017,sz000717,韶钢松山,0
2017,sz603018,中设集团,1
2017,sz002745,木林森,0
2017,sz000536,华映科技,0
2017,sz000818,方大化工,0
2017,sz600830,香溢融通,1
2017,sz603615,茶花股份,1
2017,sz601007,金陵饭店,1
2017,sz601005,*ST重钢,0
2017,sz300413,快乐购,1
2017,sz000050,深天马Ａ,0
2017,sz300301,长方集团,0
2017,sz002677,浙江美大,0
2017,sz300102,乾照光电,0
2017,sz600053,九鼎投资,0
2017,sz600074,ST保千里,1
2017,sz600088,中视传媒,0
2017,sz600098,广州发展,0
2017,sz600139,西部资源,0
2017,sz600145,*ST新亿,0
2017,sz600149,*ST坊展,0
2017,sz600157,永泰能源,0
2017,sz600177,雅戈尔,1
2017,sz600191,华资实业,0
2017,sz600193,创兴资源,0
2017,sz600201,生物股份,1
2017,sz600228,*ST昌九,0
2017,sz600234,ST山水,0
2017,sz600241,时代万恒,0
2017,sz600250,南纺股份,0
2017,sz600277,亿利洁能,1
2017,sz600291,西水股份,0
2017,sz600326,西藏天路,0
2017,sz600339,中油工程,1
2017,sz600401,*ST海润,0
2017,sz600408,*ST安泰,0
2017,sz600432,*ST吉恩,0
2017,sz600485,信威集团,1
2017,sz600487,亨通光电,1
2017,sz600491,龙元建设,1
2017,sz600496,精工钢构,0
2017,sz600509,天富能源,0
2017,sz600515,海航基础,1
2017,sz600555,海航创新,0
2017,sz600568,中珠医疗,1
2017,sz600613,神奇制药,0
2017,sz600617,国新能源,0
2017,sz600634,富控互动,0
2017,sz600652,游久游戏,1
2017,sz600654,*ST中安,1
2017,sz600666,奥瑞德,0
2017,sz600686,金龙汽车,1
2017,sz600699,均胜电子,1
2017,sz600701,工大高新,1
2017,sz600747,*ST大控,0
2017,sz600751,天海投资,1
2017,sz600755,厦门国贸,1
2017,sz600759,洲际油气,0
2017,sz600783,鲁信创投,0
2017,sz600806,*ST昆机,0
2017,sz600807,天业股份,0
2017,sz600811,东方集团,1
2017,sz600827,百联股份,1
2017,sz600891,秋林集团,0
2017,sz600936,广西广电,1
2017,sz600960,渤海活塞,0
2017,sz600988,赤峰黄金,0
2017,sz601108,财通证券,1
2017,sz601258,庞大集团,0
2017,sz601519,*ST智慧,1
2017,sz601799,星宇股份,0
2017,sz601997,贵阳银行,1
2017,sz603033,三维股份,0
2017,sz603080,新疆火炬,0
2017,sz603208,江山欧派,0
2017,sz603603,博天环境,0
2017,sz603616,韩建河山,1
2017,sz600482,中国动力,0
2017,sz600500,中化国际,1
2017,sz600546,山煤国际,0
2017,sz600579,天华院,0
2017,sz600594,益佰制药,1
2017,sz600651,飞乐音响,1
2017,sz600661,新南洋,0
2017,sz600895,张江高科,1
2017,sz600983,惠而浦,1
2017,sz601928,凤凰传媒,1
2017,sz601969,海南矿业,0
2017,sz603055,台华新材,0
2017,sz603566,普莱柯,0
2017,sz600580,卧龙电气,0
2017,sz600601,方正科技,1
2017,sz600626,申达股份,0
2017,sz600642,申能股份,0
2017,sz600896,览海投资,0
2017,sz601006,大秦铁路,0
2017,sz601228,广州港,0
2017,sz603009,北特科技,0
2017,sz603029,天鹅股份,1
2017,sz603358,华达科技,0
2017,sz600653,申华控股,0
2017,sz603369,今世缘,1
2017,sz600247,ST成城,0
2017,sz600821,津劝业,1
2017,sz601118,海南橡胶,1
2017,sz603861,白云电器,1
2017,sz603958,哈森股份,0
2017,sz603998,方盛制药,0
2017,sz600978,宜华生活,1
2017,sz600984,建设机械,0
2017,sz601139,深圳燃气,0
2017,sz601616,广电电气,0
2017,sz603177,德创环保,0
2017,sz603639,海利尔,1
2017,sz002069,獐子岛,1
2017,sz000669,金鸿控股,0
2017,sz002552,宝鼎科技,0
2017,sz002650,加加食品,0
2017,sz002506,协鑫集成,0
2017,sz600208,新湖中宝,1
2017,sz600255,梦舟股份,1
2017,sz600348,阳泉煤业,1
2017,sz603555,贵人鸟,1
2017,sz002699,美盛文化,0
2017,sz000692,惠天热电,0
2017,sz600393,粤泰股份,0
2017,sz600671,天目药业,0
2017,sz601666,平煤股份,0
2017,sz600390,五矿资本,1
2017,sz600421,ST仰帆,0
2017,sz600967,内蒙一机,1
2017,sz000511,*ST烯碳,0
2017,sz002366,台海核电,0
2017,sz000100,TCL 集团,1
2017,sz002654,万润科技,0
2017,sz000690,宝新能源,0
2017,sz002501,利源精制,0
2017,sz002639,雪人股份,1
2017,sz000909,数源科技,1
2017,sz300331,苏大维格,1
2017,sz002785,万里石,0
2017,sz002046,轴研科技,0
2017,sz000558,莱茵体育,1
2017,sz600818,中路股份,0
2017,sz600854,春兰股份,0
2017,sz600894,广日股份,1
2017,sz600900,长江电力,1
2017,sz000917,电广传媒,1
2017,sz002072,凯瑞德,0
2017,sz002573,清新环境,1
2017,sz300169,天晟新材,0
2017,sz600641,万业企业,0
2017,sz002446,盛路通信,1
2017,sz002647,民盛金科,1
2017,sz002291,星期六,0
2017,sz000009,中国宝安,0
2017,sz000501,鄂武商Ａ,1
2017,sz002600,领益智造,0
2017,sz000564,供销大集,1
2017,sz000933,神火股份,0
2017,sz600189,吉林森工,0
2017,sz600596,新安股份,1
2017,sz600640,号百控股,1
2017,sz600674,川投能源,0
2017,sz002591,恒大高新,0
2017,sz600779,水井坊,1
2017,sz600969,郴电国际,0
2017,sz603338,浙江鼎力,0
2017,sz603520,司太立,0
2017,sz000835,长城动漫,1
2017,sz002190,成飞集成,0
2017,sz002665,首航节能,0
2017,sz002180,纳思达,0
2017,sz000599,青岛双星,0
2017,sz002425,凯撒文化,0
2017,sz002124,天邦股份,1
2017,sz002513,蓝丰生化,0
2017,sz000426,兴业矿业,0
2017,sz000504,南华生物,0
2017,sz002564,天沃科技,0
2017,sz000408,藏格控股,0
2017,sz000567,海德股份,0
2017,sz600237,铜峰电子,0
2017,sz600622,光大嘉宝,0
2017,sz601021,春秋航空,1
2017,sz603519,立霸股份,0
2017,sz000425,徐工机械,1
2017,sz000701,厦门信达,0
2017,sz000626,远大控股,0
2017,sz002201,九鼎新材,0
2017,sz002618,丹邦科技,0
2017,sz300043,星辉娱乐,1
2017,sz000967,盈峰环境,1
2017,sz600186,莲花健康,0
2017,sz600587,新华医疗,0
2017,sz000729,燕京啤酒,0
2017,sz000858,五 粮 液,1
2017,sz000593,大通燃气,0
2017,sz300049,福瑞股份,1
2017,sz002132,恒星科技,0
2017,sz000639,西王食品,0
2017,sz600055,万东医疗,1
2017,sz600850,华东电脑,1
2017,sz601700,风范股份,1
2017,sz603232,格尔软件,1
2017,sz600000,浦发银行,1
2017,sz600559,老白干酒,0
2017,sz600825,新华传媒,1
2017,sz000004,国农科技,0
2017,sz002150,通润装备,0
2017,sz002156,通富微电,0
2017,sz002725,跃岭股份,0
2017,sz000679,大连友谊,1
2017,sz600429,三元股份,1
2017,sz600302,标准股份,1
2017,sz600612,老凤祥,0
2017,sz603015,弘讯科技,1
2017,sz603238,诺邦股份,0
2017,sz000876,新 希 望,0
2017,sz600351,亚宝药业,1
2017,sz600356,恒丰纸业,0
2017,sz601888,中国国旅,1
2017,sz000793,华闻传媒,1
2017,sz000735,罗 牛 山,1
2017,sz600791,京能置业,0
2017,sz603858,步长制药,0
2017,sz000155,川化股份,0
2017,sz000589,黔轮胎Ａ,0
2017,sz000046,泛海控股,0
2017,sz300323,华灿光电,0
2017,sz000078,海王生物,1
2017,sz603203,快克股份,0
2017,sz000596,古井贡酒,0
2017,sz002223,鱼跃医疗,0
2017,sz600677,航天通信,1
2017,sz002797,第一创业,0
2017,sz601058,赛轮金宇,1
2017,sz002087,新野纺织,0
2017,sz000066,中国长城,1
2017,sz300482,万孚生物,1
2017,sz603633,徕木股份,0
2017,sz000627,天茂集团,1
2017,sz000592,平潭发展,0
2017,sz000539,粤电力Ａ,1
2017,sz600257,大湖股份,0
2017,sz600543,莫高股份,0
2017,sz600629,华建集团,1
2017,sz600834,申通地铁,0
2017,sz002711,欧浦智网,1
2017,sz000597,东北制药,0
2017,sz300135,宝利国际,0
2017,sz300054,鼎龙股份,0
2017,sz300037,新宙邦,0
2017,sz300224,正海磁材,0
2017,sz300401,花园生物,0
2017,sz300679,电连技术,0
2017,sz600236,桂冠电力,0
2017,sz600809,山西汾酒,0
2017,sz600866,星湖科技,0
2017,sz603980,吉华集团,0
2017,sz600151,航天机电,0
2017,sz600405,动力源,1
2017,sz600926,杭州银行,1
2017,sz603101,汇嘉时代,1
2017,sz603599,广信股份,0
2017,sz603680,今创集团,0
2017,sz603855,华荣股份,0
2017,sz600138,中青旅,0
2017,sz600215,长春经开,0
2017,sz600295,鄂尔多斯,0
2017,sz600939,重庆建工,1
2017,sz601117,中国化学,1
2017,sz601965,中国汽研,1
2017,sz601989,中国重工,1
2017,sz603183,建研院,0
2017,sz603619,中曼石油,1
2017,sz603711,香飘飘,0
2017,sz603717,天域生态,0
2017,sz600354,敦煌种业,1
2017,sz601208,东材科技,0
2017,sz601388,怡球资源,0
2017,sz601699,潞安环能,1
2017,sz601718,际华集团,1
2017,sz300104,乐视网,0
2017,sz002260,德奥通航,1
2017,sz600093,易见股份,1
2017,sz600648,外高桥,1
2017,sz600847,*ST万里,0
2017,sz603366,日出东方,0
2017,sz600280,中央商场,1
2017,sz600395,盘江股份,1
2017,sz600503,华丽家族,0
2017,sz600745,闻泰科技,0
2017,sz600887,伊利股份,1
2017,sz603668,天马科技,0
2017,sz300176,鸿特精密,1
2017,sz002054,德美化工,0
2017,sz002259,升达林业,1
2017,sz600246,万通地产,0
2017,sz600863,内蒙华电,1
2017,sz601169,北京银行,1
2017,sz601188,龙江交通,0
2017,sz002604,ST龙力,1
2017,sz002175,东方网络,0
2017,sz600227,赤天化,0
2017,sz600517,置信电气,0
2017,sz603041,美思德,0
2017,sz603158,腾龙股份,0
2017,sz603879,永悦科技,0
2017,sz603926,铁流股份,0
2017,sz002629,仁智股份,0
2017,sz601198,东兴证券,1
2017,sz601727,上海电气,0
2017,sz603159,上海亚虹,0
2017,sz603648,畅联股份,0
2017,sz000506,中润资源,0
2017,sz600091,ST明科,0
2017,sz002684,猛狮科技,1
2017,sz002432,九安医疗,1
2017,sz600777,新潮能源,0
2017,sz600892,大晟文化,0
2017,sz002592,八菱科技,0
2017,sz603076,乐惠国际,0
2017,sz603727,博迈科,0
2017,sz002776,柏堡龙,0
2017,sz002263,大 东 南,0
2017,sz000711,京蓝科技,1
2017,sz002642,荣之联,1
2017,sz002609,捷顺科技,1
2017,sz002343,慈文传媒,1
2017,sz000676,智度股份,1
2017,sz000732,泰禾集团,0
2017,sz000061,农 产 品,1
2017,sz002679,福建金森,1
2017,sz002853,皮阿诺,0
2017,sz300012,华测检测,0
2017,sz600489,中金黄金,1
2017,sz600562,国睿科技,1
2017,sz300071,华谊嘉信,1
2017,sz300076,GQY视讯,1
2017,sz300496,中科创达,0
2017,sz002203,海亮股份,0
2017,sz002188,ST巴士,1
2017,sz002656,摩登大道,1
2017,sz002325,洪涛股份,1
2017,sz300083,劲胜智能,1
2017,sz000042,中洲控股,0
2017,sz002131,利欧股份,1
2017,sz002319,乐通股份,0
2017,sz002104,恒宝股份,1
2017,sz002035,华帝股份,1
2017,sz300299,富春股份,1
2017,sz600313,农发种业,0
2017,sz600633,浙数文化,1
2017,sz601113,华鼎股份,1
2017,sz601212,白银有色,1
2017,sz000587,金洲慈航,1
2017,sz300506,名家汇,0
2017,sz002063,远光软件,1
2017,sz002485,希努尔,1
2017,sz002107,沃华医药,0
2017,sz002686,亿利达,0
2017,sz002810,山东赫达,0
2017,sz002340,格林美,1
2017,sz000687,华讯方舟,1
2017,sz002622,融钰集团,1
2017,sz603035,常熟汽饰,0
2017,sz002499,科林环保,0
2017,sz603160,汇顶科技,1
2017,sz603389,亚振家居,1
2017,sz002094,青岛金王,1
2017,sz002210,飞马国际,1
2017,sz000069,华侨城Ａ,1
2017,sz002345,潮宏基,1
2017,sz002599,盛通股份,0
2017,sz300116,坚瑞沃能,1
2017,sz002081,金 螳 螂,1
2017,sz600251,冠农股份,1
2017,sz600285,羚锐制药,0
2017,sz002204,大连重工,1
2017,sz600749,西藏旅游,0
2017,sz002397,梦洁股份,0
2017,sz002292,奥飞娱乐,0
2017,sz002582,好想你,1
2017,sz000605,渤海股份,0
2017,sz300022,吉峰农机,0
2017,sz300539,横河模具,1
2017,sz600232,金鹰股份,0
2017,sz600691,阳煤化工,0
2017,sz601949,中国出版,0
2017,sz300111,向日葵,0
2017,sz002123,梦网集团,1
2017,sz002637,赞宇科技,0
2017,sz000546,金圆股份,0
2017,sz300013,新宁物流,1
2017,sz600283,钱江水利,0
2017,sz603233,大参林,0
2017,sz603233,大参林,0
2017,sz002261,拓维信息,1
2017,sz000036,华联控股,1
2017,sz002071,长城影视,0
2017,sz002167,东方锆业,0
2017,sz002387,黑牛食品,0
2017,sz002052,同洲电子,1
2017,sz000616,海航投资,0
2017,sz600035,楚天高速,1
2017,sz600275,*ST昌鱼,0
2017,sz600331,宏达股份,0
2017,sz002130,沃尔核材,1
2017,sz002212,南洋股份,1
2017,sz002701,奥瑞金,1
2017,sz002239,奥特佳,0
2017,sz300002,神州泰岳,1
2017,sz002269,美邦服饰,0
2017,sz002215,诺 普 信,1
2017,sz002034,旺能环境,0
2017,sz300094,国联水产,1
2017,sz002791,坚朗五金,1
2017,sz002093,国脉科技,1
2017,sz002304,洋河股份,0
2017,sz002005,德豪润达,0
2017,sz000611,天首发展,0
2017,sz300306,远方信息,1
2017,sz002881,美格智能,1
2017,sz002338,奥普光电,0
2017,sz002458,益生股份,0
2017,sz002384,东山精密,1
2017,sz002348,高乐股份,1
2017,sz000839,中信国安,1
2017,sz002375,亚厦股份,0
2017,sz603589,口子窖,0
2017,sz600977,中国电影,0
2017,sz002463,沪电股份,1
2017,sz600020,中原高速,1
2017,sz600307,酒钢宏兴,0
2017,sz601001,大同煤业,0
2017,sz601199,江南水务,0
2017,sz603136,天目湖,1
2017,sz002234,民和股份,0
2017,sz000883,湖北能源,0
2017,sz600810,神马股份,1
2017,sz601106,*ST一重,1
2017,sz603286,日盈电子,0
2017,sz603308,应流股份,0
2017,sz002213,特 尔 佳,0
2017,sz000672,上峰水泥,1
2017,sz601929,吉视传媒,1
2017,sz002277,友阿股份,1
2017,sz600897,厦门空港,1
2017,sz603822,嘉澳环保,0
2017,sz002095,生 意 宝,1
2017,sz002876,三利谱,0
2017,sz300664,鹏鹞环保,0
2017,sz600317,营口港,1
2017,sz002077,大港股份,1
2017,sz002182,云海金属,0
2017,sz603600,永艺股份,1
2017,sz603963,大理药业,0
2017,sz000975,银泰资源,0
2017,sz002705,新宝股份,0
2017,sz000903,云内动力,0
2017,sz000601,韶能股份,0
2017,sz002133,广宇集团,0
2017,sz002404,嘉欣丝绸,0
2017,sz300555,路通视信,1
2017,sz600110,诺德股份,0
2017,sz600482,中国动力,0
2017,sz600572,康恩贝,0
2017,sz600690,青岛海尔,1
2017,sz600698,湖南天雁,0
2017,sz603197,保隆科技,0
2017,sz603799,华友钴业,0
2017,sz603808,歌力思,0
2017,sz603816,顾家家居,1
2017,sz603825,华扬联众,1
2017,sz603828,柯利达,1
2017,sz603906,龙蟠科技,0
2017,sz600979,广安爱众,1
2017,sz601611,中国核建,1
2017,sz600172,黄河旋风,0
2017,sz600726,华电能源,0
2017,sz600730,中国高科,0
2017,sz600804,鹏博士,1
2017,sz601838,成都银行,1
2017,sz603012,创力集团,0
2017,sz002570,贝因美,1
2017,sz600310,桂东电力,0
2017,sz600687,刚泰控股,0
2017,sz603117,万林股份,1
2017,sz603300,华铁科技,0
2017,sz603323,吴江银行,1
2017,sz002696,百洋股份,0
2017,sz002824,和胜股份,0
2017,sz002558,巨人网络,1
2017,sz600146,商赢环球,0
2017,sz600420,现代制药,0
2017,sz601008,连云港,0
2017,sz002611,东方精工,1
2017,sz600998,九州通,0
2017,sz601908,京运通,0
2017,sz002207,*ST准油,0
2017,sz000150,宜华健康,1
2017,sz600107,美尔雅,0
2017,sz600198,大唐电信,1
2017,sz600614,鹏起科技,0
2017,sz601009,南京银行,0
2017,sz603226,菲林格尔,0
2017,sz603321,梅轮电梯,0
2017,sz603703,盛洋科技,0
2017,sz603712,七一二,0
2017,sz603718,海利生物,0
2017,sz603797,联泰环保,0
2017,sz603959,百利科技,0
2017,sz000403,ST生化,0
2017,sz000560,昆百大Ａ,1
2017,sz300397,天和防务,1
2017,sz600522,中天科技,1
2017,sz002323,雅百特,1
2017,sz002440,闰土股份,0
2017,sz002608,江苏国信,0
2017,sz002589,瑞康医药,1
2017,sz002120,韵达股份,1
2017,sz000816,智慧农业,0
2017,sz002219,恒康医疗,0
2017,sz002266,浙富控股,0
2017,sz002719,麦趣尔,1
2017,sz002021,中捷资源,0
2017,sz002468,申通快递,1
2017,sz000796,凯撒旅游,1
2017,sz000960,锡业股份,0
2017,sz600467,好当家,1
2017,sz300293,蓝英装备,0
2017,sz603001,奥康国际,1
2017,sz603017,中衡设计,0
2017,sz002221,东华能源,1
2017,sz002614,奥佳华,1
2017,sz000760,斯太尔,0
2017,sz000008,神州高铁,1
2017,sz002554,惠博普,0
2017,sz002252,上海莱士,0
2017,sz600518,康美药业,1
2017,sz600592,龙溪股份,0
2017,sz002169,智光电气,1
2017,sz601163,三角轮胎,1
2017,sz603063,禾望电气,1
2017,sz603588,高能环境,1
2017,sz300294,博雅生物,0
2017,sz300266,兴源环境,1
2017,sz300449,汉邦高科,1
2017,sz002603,以岭药业,0
2017,sz002464,众应互联,1
2017,sz002906,华阳集团,1
2017,sz002048,宁波华翔,0
2017,sz002444,巨星科技,0
2017,sz300254,仟源医药,0
2017,sz600169,太原重工,1
2017,sz600645,中源协和,1
2017,sz002636,金安国纪,1
2017,sz002329,皇氏集团,1
2017,sz000663,永安林业,0
2017,sz002666,德联集团,0
2017,sz002347,泰尔股份,0
2017,sz002247,帝龙文化,0
2017,sz002528,英飞拓,1
2017,sz600870,厦华电子,1
2017,sz603778,乾景园林,1
2017,sz002293,罗莱生活,0
2017,sz000968,蓝焰控股,0
2017,sz002809,红墙股份,0
2017,sz300091,金通灵,0
2017,sz002445,中南文化,0
2017,sz002377,国创高新,1
2017,sz002161,远 望 谷,1
2017,sz600082,海泰发展,0
2017,sz300062,中能电气,0
2017,sz600119,长江投资,0
2017,sz600165,新日恒力,0
2017,sz600815,*ST厦工,0
2017,sz002542,中化岩土,1
2017,sz002514,宝馨科技,1
2017,sz002351,漫步者,1
2017,sz002078,太阳纸业,1
2017,sz002544,杰赛科技,1
2017,sz600025,华能水电,0
2017,sz600678,四川金顶,0
2017,sz603355,莱克电气,0
2017,sz000156,华数传媒,1
2017,sz002143,印纪传媒,1
2017,sz002563,森马服饰,1
2017,sz002437,誉衡药业,0
2017,sz002739,万达电影,1
2017,sz002268,卫 士 通,1
2017,sz002502,骅威文化,0
2017,sz600817,*ST宏盛,0
2017,sz601858,中国科传,1
2017,sz002628,成都路桥,0
2017,sz603337,杰克股份,0
2017,sz603779,威龙股份,0
2017,sz002194,武汉凡谷,0
2017,sz603116,红蜻蜓,0
2017,sz603329,上海雅仕,0
2017,sz002284,亚太股份,0
2017,sz002619,艾格拉斯,1
2017,sz002042,华孚时尚,0
2017,sz603110,东方材料,0
2017,sz002693,双成药业,0
2017,sz002164,宁波东力,0
2017,sz300423,鲁亿通,0
2017,sz000038,深大通,1
2017,sz000678,襄阳轴承,0
2017,sz300283,温州宏丰,0
2017,sz002355,兴民智通,1
2017,sz000032,深桑达Ａ,1
2017,sz300610,晨化股份,0
2017,sz002759,天际股份,1
2017,sz002752,N兴股份,1
2017,sz002322,理工环科,1
2017,sz000030,富奥股份,0
2017,sz600780,通宝能源,0
2017,sz600993,马应龙,0
2017,sz000752,西藏发展,1
2017,sz000700,模塑科技,0
2017,sz002281,光迅科技,1
2017,sz002495,佳隆股份,0
2017,sz002405,四维图新,1
2017,sz002091,江苏国泰,0
2017,sz603168,莎普爱思,0
2017,sz002731,萃华珠宝,0
2017,sz002892,科力尔,0
2017,sz200054,建车B,0
2017,sz600123,兰花科创,1
2017,sz600573,惠泉啤酒,0
2017,sz601106,*ST一重,1
2017,sz603139,康惠制药,1
2017,sz603611,诺力股份,0
2017,sz603896,寿仙谷,1
2017,sz002909,集泰股份,0
2017,sz002780,三夫户外,0
2017,sz002067,景兴纸业,0
2017,sz000955,欣龙控股,0
2017,sz002332,仙琚制药,0
2017,sz603567,珍宝岛,1
2017,sz002813,路畅科技,1
2017,sz300145,中金环境,1
2017,sz002112,三变科技,0
2017,sz603090,宏盛股份,0
2017,sz603960,克来机电,0
2017,sz002697,红旗连锁,1
2017,sz002546,新联电子,1
2017,sz002462,嘉事堂,0
2017,sz002651,利君股份,0
2017,sz300404,博济医药,0
2017,sz002455,百川股份,0
2017,sz002553,南方轴承,0
2017,sz000767,漳泽电力,0
2017,sz600638,新黄浦,0
2017,sz000938,紫光股份,1
2017,sz300377,赢时胜,1
2017,sz600225,*ST松江,1
2017,sz600869,智慧能源,1
2017,sz002473,*ST圣莱,0
2017,sz600289,ST信通,1
2017,sz600694,大商股份,1
2017,sz300208,恒顺众N,1
2017,sz002829,星网宇达,1
2017,sz000886,海南高速,0
2017,sz603557,起步股份,0
2017,sz002855,捷荣技术,0
2017,sz002715,登云股份,0
2017,sz002565,顺灏股份,0
2017,sz300081,恒信东方,1
2017,sz300733,西菱动力,0
2017,sz300261,雅本化学,0
2017,sz300362,天翔环境,1
2017,sz300187,永清环保,0
2017,sz600185,格力地产,0
2017,sz603315,福鞍股份,0
2017,sz300687,赛意信息,1
2017,sz603328,依顿电子,0
2017,sz603895,天永智能,1
2017,sz002199,东晶电子,0
2017,sz002098,浔兴股份,1
2017,sz002869,金溢科技,1
2017,sz300477,合纵科技,0
2017,sz300721,怡达股份,0
2017,sz300050,世纪鼎利,1
2017,sz300426,唐德影视,0
2017,sz300010,立思辰,1
2017,sz300124,汇川技术,0
2017,sz600238,海南椰岛,1
2017,sz600532,宏达矿业,0
2017,sz600919,江苏银行,1
2017,sz603813,原尚股份,0
2017,sz300364,中文在线,1
2017,sz300123,亚光科技,1
2017,sz300177,中海达,1
2017,sz300153,科泰电源,1
2017,sz300531,优博讯,1
2017,sz002755,东方新星,0
2017,sz002849,威星智能,1
2017,sz002743,富煌钢构,0
2017,sz002856,美芝股份,0
2017,sz000040,东旭蓝天,0
2017,sz000498,山东路桥,0
2017,sz002828,贝肯能源,0
2017,sz600083,博信股份,0
2017,sz002646,青青稞酒,1
2017,sz601595,上海电影,0
2017,sz603920,世运电路,0
2017,sz002675,东诚药业,0
2017,sz300098,高新兴,1
2017,sz300315,掌趣科技,0
2017,sz300467,迅游科技,1
2017,sz300048,合康新能,0
2017,sz300518,盛讯达,0
2017,sz300566,激智科技,0
2017,sz601166,兴业银行,1
2017,sz603011,合锻智能,1
2017,sz603133,碳元科技,0
2017,sz002808,苏州恒久,0
2017,sz603277,银都股份,0
2017,sz603686,龙马环卫,1
2017,sz002775,文科园林,0
2017,sz300312,邦讯技术,1
2017,sz300267,尔康制药,0
2017,sz300667,必创科技,1
2017,sz002089,新 海 宜,1
2017,sz002610,爱康科技,1
2017,sz002163,中航三鑫,0
2017,sz300175,朗源股份,0
2017,sz300151,昌红科技,1
2017,sz300425,环能科技,0
2017,sz300581,晨曦航空,0
2017,sz300005,探路者,0
2017,sz600721,百花村,0
2017,sz002766,索菱股份,1
2017,sz601226,华电重工,1
2017,sz002866,传艺科技,0
2017,sz002721,金一文化,0
2017,sz002623,亚玛顿,0
2017,sz002479,富春环保,1
2017,sz002852,道道全,0
2017,sz300355,蒙草生态,1
2017,sz300030,阳普医疗,1
2017,sz300337,银邦股份,0
2017,sz300359,全通教育,1
2017,sz300191,潜能恒信,1
2017,sz002227,奥 特 迅,1
2017,sz300209,天泽信息,1
2017,sz300318,博晖创新,0
2017,sz300367,东方网力,1
2017,sz600128,弘业股份,0
2017,sz300628,亿联网络,0
2017,sz600778,友好集团,1
2017,sz300565,科信技术,1
2017,sz603320,迪贝电气,0
2017,sz603690,至纯科技,0
2017,sz300605,恒锋信息,1
2017,sz002435,长江润发,1
2017,sz002823,凯中精密,0
2017,sz002280,联络互动,1
2017,sz300093,金刚玻璃,1
2017,sz300599,雄塑科技,0
2017,sz300607,拓斯达,0
2017,sz000523,广州浪奇,0
2017,sz002756,永兴特钢,0
2017,sz002889,东方嘉盛,1
2017,sz600481,双良节能,0
2017,sz002802,洪汇新材,0
2017,sz603223,恒通股份,1
2017,sz300382,斯莱克,0
2017,sz300512,中亚股份,0
2017,sz300028,金亚科技,1
2017,sz002298,中电鑫龙,1
2017,sz000603,盛达矿业,0
2017,sz300502,新易盛,1
2017,sz300148,天舟文化,1
2017,sz600758,红阳能源,1
2017,sz603421,鼎信通讯,1
2017,sz002420,毅昌股份,0
2017,sz603676,卫信康,0
2017,sz000976,华铁股份,0
2017,sz300452,山河药辅,0
2017,sz300292,吴通控股,1
2017,sz300550,和仁科技,1
2017,sz300289,利德曼,0
2017,sz300163,先锋新材,1
2017,sz300543,朗科智能,0
2017,sz002403,爱仕达,1
2017,sz300126,锐奇股份,0
2017,sz300096,易联众,1
2017,sz002529,海源机械,0
2017,sz002712,思美传媒,0
2017,sz002753,永东股份,0
2017,sz600797,浙大网新,1
2017,sz601669,中国电建,1
2017,sz603218,日月股份,0
2017,sz002001,新 和 成,0
2017,sz300652,雷迪克,0
2017,sz002250,联化科技,0
2017,sz002681,奋达科技,1
2017,sz002522,浙江众成,0
2017,sz300097,智云股份,0
2017,sz002040,南 京 港,0
2017,sz002685,华东重机,1
2017,sz300298,三诺生物,1
2017,sz300602,飞荣达,1
2017,sz300601,康泰生物,0
2017,sz300504,天邑股份,1
2017,sz300084,海默科技,1
2017,sz300716,国立科技,0
2017,sz300689,澄天伟业,0
2017,sz002779,中坚科技,0
2017,sz300499,高澜股份,0
2017,sz300686,智动力,0
2017,sz002082,万邦德,0
2017,sz300171,东富龙,0
2017,sz002126,银轮股份,0
2017,sz603016,新宏泰,0
2017,sz002346,柘中股份,0
2017,sz000799,酒鬼酒,0
2017,sz300613,富瀚微,0
2017,sz300422,博世科,0
2017,sz300230,永利股份,0
2017,sz002515,金字火腿,1
2017,sz002517,恺英网络,1
2017,sz002871,伟隆股份,0
2017,sz300344,太空智造,1
2017,sz601566,九牧王,1
2017,sz300678,中科信息,1
2017,sz300253,卫宁健康,1
2017,sz002652,扬子新材,0
2017,sz300118,东方日升,0
2017,sz600240,华业资本,0
2017,sz300155,安居宝,0
2017,sz603991,至正股份,0
2017,sz000797,中国武夷,0
2017,sz300247,乐金健康,0
2017,sz300591,万里马,1
2017,sz300540,深冷股份,0
2017,sz300004,南风股份,0
2017,sz002043,兔 宝 宝,1
2017,sz000554,泰山石油,0
2017,sz002448,中原内配,0
2017,sz002342,巨力索具,0
2017,sz600216,浙江医药,0
2017,sz603069,海汽集团,0
2017,sz300576,容大感光,0
2017,sz300160,秀强股份,0
2017,sz300201,海伦哲,1
2017,sz300604,长川科技,0
2017,sz601339,百隆东方,0
2017,sz603966,法兰泰克,0
2017,sz002066,瑞泰科技,0
2017,sz002899,英派斯,1
2017,sz002878,元隆雅图,1
2017,sz300231,银信科技,1
2017,sz600112,*ST天成,0
2017,sz600355,精伦电子,1
2017,sz002835,同为股份,1
2017,sz603787,新日股份,0
2017,sz002254,泰和新材,0
2017,sz603118,共进股份,1
2017,sz603196,日播时尚,1
2017,sz603819,神力股份,0
2017,sz603878,武进不锈,1
2017,sz002730,电光科技,1
2017,sz002727,一心堂,1
2017,sz002027,分众传媒,0
2017,sz002883,中设股份,0
2017,sz002380,科远股份,1
2017,sz300179,四方达,0
2017,sz000622,恒立实业,0
2017,sz300433,蓝思科技,0
2017,sz002442,龙星化工,0
2017,sz603088,宁波精达,0
2017,sz000007,全新好,1
2017,sz600857,宁波中百,0
2017,sz603079,圣达生物,0
2017,sz603877,太平鸟,1
2017,sz002306,*ST云网,0
2017,sz002154,报 喜 鸟,1
2017,sz300189,神农基因,0
2017,sz300025,华星创业,1
2017,sz300680,隆盛科技,0
2017,sz300663,科蓝软件,1
2017,sz300621,维业股份,0
2017,sz300166,东方国信,1
2017,sz002736,国信证券,1
2017,sz002065,东华软件,1
2017,sz002555,三七互娱,0
2017,sz002735,王子新材,0
2017,sz002101,广东鸿图,0
2017,sz002724,海洋王,0
2017,sz002873,新天药业,0
2017,sz002602,世纪华通,0
2017,sz300142,沃森生物,0
2017,sz300182,捷成股份,1
2017,sz300490,华自科技,1
2017,sz300438,鹏辉能源,0
2017,sz300457,赢合科技,0
2017,sz300588,熙菱信息,1
2017,sz300527,华舟应急,0
2017,sz600525,长园集团,0
2017,sz002057,中钢天源,0
2017,sz601238,广汽集团,0
2017,sz002585,双星新材,0
2017,sz603803,瑞斯康达,1
2017,sz603829,洛凯股份,0
2017,sz300085,银之杰,1
2017,sz300300,汉鼎宇佑,1
2017,sz300460,惠伦晶体,0
2017,sz300698,万马科技,0
2017,sz002413,雷科防务,0
2017,sz300384,三联虹普,1
2017,sz300706,阿石创,0
2017,sz300274,阳光电源,1
2017,sz002842,翔鹭钨业,0
2017,sz002197,证通电子,1
2017,sz000566,海南海药,1
2017,sz002155,湖南黄金,0
2017,sz002740,爱迪尔,0
2017,sz600297,广汇汽车,1
2017,sz300108,吉药控股,0
2017,sz300696,爱乐达,0
2017,sz300326,凯利泰,0
2017,sz300369,绿盟科技,1
2017,sz300609,汇纳科技,1
2017,sz300464,星徽精密,0
2017,sz000019,深深宝Ａ,0
2017,sz300709,精研科技,0
2017,sz002781,奇信股份,1
2017,sz002548,金新农,1
2017,sz600389,江山股份,0
2017,sz601101,昊华能源,0
2017,sz601798,蓝科高新,0
2017,sz000983,西山煤电,0
2017,sz000681,视觉中国,1
2017,sz000725,京东方Ａ,1
2017,sz000758,中色股份,0
2017,sz300585,奥联电子,0
2017,sz300011,鼎汉技术,1
2017,sz600529,山东药玻,0
2017,sz600959,江苏有线,1
2017,sz002795,永和智控,0
2017,sz002271,东方雨虹,1
2017,sz002317,众生药业,0
2017,sz300265,通光线缆,1
2017,sz300419,浩丰科技,1
2017,sz300597,吉大通信,1
2017,sz300086,康芝药业,0
2017,sz300082,奥克股份,0
2017,sz300672,国科微,1
2017,sz002843,泰嘉股份,1
2017,sz600057,象屿股份,0
2017,sz600306,商业城,1
2017,sz600828,茂业商业,1
2017,sz600898,国美通讯,0
2017,sz300249,依米康,1
2017,sz300221,银禧科技,0
2017,sz300069,金利华电,0
2017,sz002192,融捷股份,0
2017,sz300641,正丹股份,0
2017,sz300710,万隆光电,1
2017,sz002330,得利斯,0
2017,sz002270,华明装备,0
2017,sz002111,威海广泰,0
2017,sz300530,达志科技,0
2017,sz600090,同济堂,1
2017,sz300486,东杰智能,0
2017,sz600480,凌云股份,0
2017,sz600606,绿地控股,0
2017,sz002144,宏达高科,0
2017,sz603729,龙韵股份,1
2017,sz002774,快意电梯,0
2017,sz300603,立昂技术,1
2017,sz300214,日科化学,0
2017,sz300358,楚天科技,0
2017,sz300720,海川智能,0
2017,sz000861,海印股份,1
2017,sz002454,松芝股份,0
2017,sz300075,数字政通,1
2017,sz300246,宝莱特,0
2017,sz600539,狮头股份,0
2017,sz603037,凯众股份,0
2017,sz603628,清源股份,0
2017,sz300640,德艺文创,0
2017,sz300352,北信源,1
2017,sz002788,鹭燕医药,1
2017,sz002296,辉煌科技,1
2017,sz002777,久远银海,1
2017,sz000637,茂化实华,0
2017,sz000716,黑芝麻,0
2017,sz300665,飞鹿股份,0
2017,sz002540,亚太科技,0
2017,sz002064,华峰氨纶,1
2017,sz002198,嘉应制药,0
2017,sz601890,亚星锚链,0
2017,sz603298,杭叉集团,0
2017,sz300615,欣天科技,1
2017,sz300399,京天利,1
2017,sz000020,深华发Ａ,0
2017,sz002036,联创电子,0
2017,sz002137,麦达数字,1
2017,sz002509,天广中茂,0
2017,sz300442,普丽盛,0
2017,sz300522,世名科技,0
2017,sz300345,红宇新材,0
2017,sz000829,天音控股,1
2017,sz300183,东软载波,1
2017,sz300723,一品红,0
2017,sz300058,蓝色光标,1
2017,sz300099,精准信息,1
2017,sz002033,丽江旅游,0
2017,sz603198,迎驾贡酒,0
2017,sz002068,黑猫股份,0
2017,sz002295,精艺股份,0
2017,sz002671,龙泉股份,0
2017,sz300533,冰川网络,0
2017,sz002605,姚记扑克,0
2017,sz000055,方大集团,0
2017,sz600143,金发科技,1
2017,sz300079,数码科技,1
2017,sz300035,中科电气,0
2017,sz300608,思特奇,1
2017,sz300061,康旗股份,1
2017,sz300462,华铭智能,1
2017,sz002893,华通热力,1
2017,sz300561,汇金科技,1
2017,sz300100,双林股份,0
2017,sz300311,任子行,1
2017,sz002160,常铝股份,0
2017,sz601567,三星医疗,0
2017,sz603970,中农立华,0
2017,sz002020,京新药业,0
2017,sz002231,奥维通信,1
2017,sz002615,哈尔斯,0
2017,sz603050,科林电气,1
2017,sz300206,理邦仪器,0
2017,sz300488,恒锋工具,0
2017,sz002676,顺威股份,0
2017,sz002282,博深工具,0
2017,sz002669,康达新材,0
2017,sz300515,三德科技,0
2017,sz300307,慈星股份,0
2017,sz002318,久立特材,0
2017,sz000659,*ST中富,0
2017,sz002305,南国置业,0
2017,sz600668,尖峰集团,1
2017,sz603129,春风动力,0
2017,sz300276,三丰智能,0
2017,sz300272,开能环保,1
2017,sz300159,新研股份,0
2017,sz300549,优德精密,1
2017,sz600213,亚星客车,0
2017,sz600872,中炬高新,0
2017,sz300287,飞利信,1
2017,sz002559,亚威股份,1
2017,sz002576,通达动力,0
2017,sz300137,先河环保,1
2017,sz300660,江苏雷利,0
2017,sz603558,健盛集团,0
2017,sz300688,创业黑马,0
2017,sz300637,扬帆新材,0
2017,sz002901,大博医疗,0
2017,sz600178,东安动力,0
2017,sz600202,哈空调,0
2017,sz600486,扬农化工,0
2017,sz300473,德尔股份,0
2017,sz002378,章源钨业,1
2017,sz600370,三房巷,0
2017,sz600537,亿晶光电,0
2017,sz600771,广誉远,0
2017,sz002633,申科股份,0
2017,sz300649,杭州园林,0
2017,sz600137,浪莎股份,0
2017,sz300727,润禾材料,0
2017,sz600589,广东榕泰,1
2017,sz601098,中南传媒,1
2017,sz002274,华昌化工,1
2017,sz002718,友邦吊顶,0
2017,sz002026,山东威达,0
2017,sz002746,仙坛股份,0
2017,sz002337,赛象科技,1
2017,sz600123,兰花科创,1
2017,sz300409,道氏技术,0
2017,sz600262,北方股份,1
2017,sz603538,美诺华,0
2017,sz300109,新开源,1
2017,sz603789,星光农机,0
2017,sz603188,亚邦股份,0
2017,sz603269,海鸥股份,0
2017,sz603388,元成股份,0
2017,sz603661,恒林股份,0
2017,sz603809,豪能股份,0
2017,sz603886,元祖股份,1
2017,sz600226,瀚叶股份,1
2017,sz600776,东方通信,1
2017,sz601218,吉鑫科技,0
2017,sz601966,玲珑轮胎,1
2017,sz603040,新坐标,0
2017,sz603083,剑桥科技,1
2017,sz000703,恒逸石化,1
2017,sz000912,*ST天化,0
2017,sz300730,科创信息,1
2017,sz300340,科恒股份,0
2017,sz002907,华森制药,0
2017,sz300040,九洲电气,0
2017,sz002913,奥士康,1
2017,sz300675,建科院,0
2017,sz002861,瀛通通讯,1
2017,sz300168,万达信息,1
2017,sz002898,赛隆药业,0
2017,sz002527,新时达,0
2017,sz300407,凯发电气,0
2017,sz000815,美利云,1
2017,sz300551,古鳌科技,1
2017,sz300666,江丰电子,1
2017,sz300133,华策影视,1
2017,sz300203,聚光科技,1
2017,sz002830,名雕股份,1
2017,sz002886,沃特股份,0
2017,sz300336,新文化,0
2017,sz300657,弘信电子,0
2017,sz300583,赛托生物,0
2017,sz300089,文化长城,1
2017,sz300645,正元智慧,1
2017,sz300468,四方精创,1
2017,sz300661,圣邦股份,0
2017,sz300165,天瑞仪器,1
2017,sz002663,普邦股份,0
2017,sz300587,天铁股份,0
2017,sz300693,盛弘股份,0
2017,sz300712,永福股份,0
2017,sz300494,盛天网络,1
2017,sz002708,光洋股份,0
2017,sz002832,比音勒芬,0
2017,sz300386,飞天诚信,1
2017,sz002336,人人乐,1
2017,sz002769,普路通,1
2017,sz002884,凌霄泵业,0
2017,sz002627,宜昌交运,0
2017,sz300236,上海新阳,1
2017,sz300387,富邦股份,1
2017,sz300391,康跃科技,0
2017,sz002487,大金重工,0
2017,sz300279,和晶科技,1
2017,sz002530,金财互联,1
2017,sz300571,平治信息,1
2017,sz300471,厚普股份,1
2017,sz002299,圣农发展,1
2017,sz002625,光启技术,1
2017,sz000869,张 裕Ａ,0
2017,sz002476,宝莫股份,0
2017,sz002328,新朋股份,1
2017,sz300718,长盛轴承,0
2017,sz300715,凯伦股份,0
2017,sz601877,正泰电器,1
2017,sz300251,光线传媒,0
2017,sz600281,太化股份,0
2017,sz600408,安泰集团,0
2017,sz603506,南都物业,0
2017,sz603533,掌阅科技,1
2017,sz603919,金徽酒,0
2017,sz002698,博实股份,0
2017,sz600129,太极集团,0
2017,sz600340,华夏幸福,1
2017,sz600637,东方明珠,1
2017,sz600773,西藏城投,0
2017,sz600851,海欣股份,0
2017,sz601229,上海银行,1
2017,sz601777,力帆股份,1
2017,sz603507,振江股份,0
2017,sz603996,中新科技,1
2017,sz000750,国海证券,1
2017,sz000667,美好置业,0
2017,sz300157,恒泰艾普,1
2017,sz300006,莱美药业,0
2017,sz002443,金洲管道,0
2017,sz603123,翠微股份,1
2017,sz603189,网达软件,1
2017,sz603908,牧高笛,1
2017,sz002242,九阳股份,1
2017,sz000931,中 关 村,0
2017,sz300729,乐歌股份,1
2017,sz300184,力源信息,0
2017,sz002047,宝鹰股份,1
2017,sz002574,明牌珠宝,0
2017,sz600180,瑞茂通,1
2017,sz600603,广汇物流,1
2017,sz601801,皖新传媒,1
2017,sz002055,得润电子,0
2017,sz300679,电连技术,0
2017,sz300360,炬华科技,1
2017,sz002551,尚荣医疗,0
2017,sz002141,贤丰控股,0
2017,sz300053,欧比特,1
2017,sz002557,洽洽食品,0
2017,sz002097,山河智能,0
2017,sz002678,珠江钢琴,1
2017,sz300521,爱司凯,0
2017,sz300219,鸿利智汇,1
2017,sz002390,信邦制药,1
2017,sz600086,东方金钰,1
2017,sz600545,卓郎智能,0
2017,sz600609,金杯汽车,0
2017,sz600865,百大集团,0
2017,sz600880,博瑞传播,1
2017,sz002088,鲁阳节能,0
2017,sz002847,盐津铺子,0
2017,sz000997,新 大 陆,1
2017,sz600004,白云机场,0
2017,sz600150,中国船舶,0
2017,sz600533,栖霞建设,0
2017,sz300542,新晨科技,1
2017,sz000005,世纪星源,0
2017,sz002806,华锋股份,1
2017,sz002512,达华智能,1
2017,sz002716,金贵银业,0
2017,sz002100,天康生物,1
2017,sz002531,天顺风能,0
2017,sz300707,威唐工业,0
2017,sz600425,*ST青松,0
2017,sz603319,湘油泵,0
2017,sz002467,二六三,1
2017,sz000788,北大医药,0
2017,sz002370,亚太药业,0
2017,sz600126,杭钢股份,1
2017,sz600184,光电股份,0
2017,sz600781,辅仁药业,1
2017,sz601999,出版传媒,1
2017,sz300303,聚飞光电,0
2017,sz300654,世纪天鸿,1
2017,sz002567,唐人神,0
2017,sz000821,京山轻机,1
2017,sz002885,京泉华,0
2017,sz300335,迪森股份,0
2017,sz300250,初灵信息,1
2017,sz002588,史丹利,0
2017,sz300390,天华超净,1
2017,sz000563,陕国投Ａ,0
2017,sz300180,华峰超纤,0
2017,sz300015,爱尔眼科,1
2017,sz300417,南华仪器,0
2017,sz002394,联发股份,0
2017,sz600209,罗顿发展,1
2017,sz600770,综艺股份,0
2017,sz000411,英特集团,1
2017,sz000417,合肥百货,1
2017,sz600100,同方股份,1
2017,sz002415,海康威视,1
2017,sz000166,申万宏源,0
2017,sz300070,碧水源,0
2017,sz300202,聚龙股份,1
2017,sz300435,中泰股份,0
2017,sz600566,济川药业,0
2017,sz000813,德展健康,0
2017,sz000530,大冷股份,1
2017,sz300396,迪瑞医疗,0
2017,sz300461,田中精机,1
2017,sz600130,波导股份,0
2017,sz600662,强生控股,1
2017,sz300174,元力股份,0
2017,sz002641,永高股份,0
2017,sz000503,海虹控股,1
2017,sz300410,正业科技,0
2017,sz002694,顾地科技,0
2017,sz600530,交大昂立,0
2017,sz603222,济民制药,0
2017,sz603505,金石资源,0
2017,sz000548,湖南投资,0
2017,sz600033,福建高速,0
2017,sz600679,上海凤凰,0
2017,sz601599,鹿港文化,1
2017,sz603111,康尼机电,0
2017,sz000927,一汽夏利,0
2017,sz900951,*ST大化B,0
2017,sz600378,天科股份,0
2017,sz600624,复旦复华,0
2017,sz600702,舍得酒业,1
2017,sz002498,汉缆股份,1
2017,sz600330,天通股份,1
2017,sz000831,五矿稀土,0
2017,sz000823,超声电子,1
2017,sz000607,华媒控股,0
2017,sz600231,凌钢股份,0
2017,sz600371,万向德农,1
2017,sz300210,森远股份,0
2017,sz002831,裕同科技,1
2017,sz603860,中公高科,1
2017,sz603871,嘉友国际,0
2017,sz603890,春秋电子,0
2017,sz603985,恒润股份,0
2017,sz603601,再升科技,1
2017,sz603678,火炬电子,0
2017,sz603758,秦安股份,0
2017,sz603798,康普顿,0
2017,sz601216,君正集团,0
2017,sz601985,中国核电,0
2017,sz603066,音飞储存,1
2017,sz603335,迪生力,0
2017,sz603378,亚士创能,0
2017,sz603500,祥和实业,0
2017,sz600981,汇鸿集团,1
2017,sz603165,荣晟环保,0
2017,sz603200,上海洗霸,0
2017,sz603359,东珠景观,0
2017,sz300411,金盾股份,1
2017,sz600526,菲达环保,0
2017,sz600732,ST新梅,0
2017,sz300510,金冠电气,0
2017,sz600010,包钢股份,1
2017,sz600475,华光股份,0
2017,sz600774,汉商集团,0
2017,sz002216,三全食品,0
2017,sz600831,广电网络,1
2017,sz601689,拓普集团,0
2017,sz002763,汇洁股份,0
2017,sz002751,易尚展示,0
2017,sz002927,泰永长征,0
2017,sz002183,怡 亚 通,1
2017,sz300332,天壕环境,0
2017,sz300032,金龙机电,0
2017,sz300470,日机密封,1
2017,sz300456,耐威科技,0
2017,sz000925,众合科技,1
2017,sz002450,康得新,1
2017,sz002316,键桥通讯,1
2017,sz002363,隆基机械,0
2017,sz002153,石基信息,1
2017,sz002864,盘龙药业,0
2017,sz002562,兄弟科技,1
2017,sz000709,河钢股份,1
2017,sz300431,暴风集团,1
2017,sz300695,兆丰股份,0
2017,sz300088,长信科技,0
2017,sz000887,中鼎股份,0
2017,sz002475,立讯精密,0
2017,sz300347,泰格医药,1
2017,sz300737,科顺股份,0
2017,sz600410,华胜天成,1
2017,sz600636,*ST爱富,1
2017,sz002868,绿康生化,0
2017,sz603477,振静股份,0
2017,sz603882,金域医学,1
2017,sz002908,德生科技,1
2017,sz300463,迈克生物,0
2017,sz300636,同和药业,0
2017,sz300612,宣亚国际,1
2017,sz300676,华大基因,1
2017,sz600180,瑞茂通,1
2017,sz600882,广泽股份,0
2017,sz601328,交通银行,0
2017,sz601952,苏垦农发,0
2017,sz603169,兰石重装,0
2017,sz603227,雪峰科技,1
2017,sz603260,合盛硅业,0
2017,sz603331,百达精工,0
2017,sz603630,拉芳家化,0
2017,sz002575,群兴玩具,0
2017,sz002922,伊戈尔,0
2017,sz300072,三聚环保,1
2017,sz300045,华力创通,0
2017,sz002041,登海种业,1
2017,sz002478,常宝股份,1
2017,sz000882,华联股份,1
2017,sz000882,华联股份,1
2017,sz002402,和而泰,1
2017,sz002787,华源控股,0
2017,sz600229,城市传媒,1
2017,sz600703,三安光电,1
2017,sz601369,陕鼓动力,1
2017,sz001896,豫能控股,0
2017,sz300478,杭州高新,0
2017,sz000908,景峰医药,0
2017,sz002919,名臣健康,0
2017,sz002722,金轮股份,0
2017,sz002670,国盛金控,1
2017,sz600195,中牧股份,0
2017,sz600595,中孚实业,0
2017,sz300200,高盟新材,0
2017,sz002816,和科达,0
2017,sz000153,丰原药业,0
2017,sz000688,建新矿业,0
2017,sz300481,濮阳惠成,0
2017,sz002327,富安娜,1
2017,sz300670,大烨智能,0
2017,sz300095,华伍股份,0
2017,sz002580,圣阳股份,1
2017,sz002757,南兴装备,0
2017,sz300703,创源文化,0
2017,sz300243,瑞丰高材,0
2017,sz300606,金太阳,1
2017,sz600108,亚盛集团,0
2017,sz600160,巨化股份,0
2017,sz603363,傲农生物,1
2017,sz603689,皖天然气,0
2017,sz603833,欧派家居,0
2017,sz002181,粤 传 媒,1
2017,sz300280,南通锻压,1
2017,sz300388,国祯环保,0
2017,sz300119,瑞普生物,1
2017,sz002015,霞客环保,1
2017,sz002918,蒙娜丽莎,0
2017,sz002836,新宏泽,0
2017,sz300170,汉得信息,1
2017,sz002310,东方园林,0
2017,sz603028,赛福天,0
2017,sz603283,赛腾股份,0
2017,sz300497,富祥股份,0
2017,sz300434,金石东方,0
2017,sz300582,英飞特,0
2017,sz600456,宝钛股份,0
2017,sz601789,宁波建工,0
2017,sz603181,皇马科技,0
2017,sz002748,世龙实业,1
2017,sz300351,永贵电器,0
2017,sz300162,雷曼股份,0
2017,sz002733,雄韬股份,1
2017,sz600111,北方稀土,0
2017,sz603987,康德莱,0
2017,sz002135,东南网架,0
2017,sz002196,方正电机,1
2017,sz002747,埃斯顿,1
2017,sz300439,美康生物,1
2017,sz300622,博士眼镜,0
2017,sz000985,大庆华科,0
2017,sz000885,同力水泥,0
2017,sz002273,水晶光电,1
2017,sz300415,伊之密,0
2017,sz002195,二三四五,1
2017,sz000900,现代投资,0
2017,sz000720,新能泰山,0
2017,sz000657,中钨高新,0
2017,sz002386,天原集团,0
2017,sz300121,阳谷华泰,0
2017,sz300281,金明精机,1
2017,sz002682,龙洲股份,0
2017,sz002283,天润曲轴,1
2017,sz300726,宏达电子,1
2017,sz000906,浙商中拓,0
2017,sz000718,苏宁环球,0
2017,sz300547,川环科技,0
2017,sz300333,兆日科技,1
2017,sz600706,曲江文旅,0
2017,sz601020,华钰矿业,0
2017,sz300600,瑞特股份,0
2017,sz300067,安诺其,0
2017,sz002431,棕榈股份,0
2017,sz300578,会畅通讯,1
2017,sz300501,海顺新材,0
2017,sz300408,三环集团,1
2017,sz600551,时代出版,1
2017,sz603496,恒为科技,1
2017,sz603999,读者传媒,0
2017,sz002550,千红制药,0
2017,sz002311,海大集团,1
2017,sz002556,辉隆股份,1
2017,sz300141,和顺电气,0
2017,sz600446,金证股份,1
2017,sz600513,联环药业,0
2017,sz600830,香溢融通,1
2017,sz603399,吉翔股份,0
2017,sz603922,金鸿顺,0
2017,sz000023,深天地Ａ,0
2017,sz002673,西部证券,0
2017,sz002817,黄山胶囊,0
2017,sz600015,华夏银行,1
2017,sz600159,大龙地产,0
2017,sz600461,洪城水业,0
2017,sz600552,凯盛科技,0
2017,sz600072,中船科技,0
2017,sz600097,开创国际,0
2017,sz300338,开元股份,1
2017,sz603638,艾迪精密,0
2017,sz000989,九 芝 堂,1
2017,sz002165,红 宝 丽,0
2017,sz002494,华斯股份,1
2017,sz600766,园城黄金,0
2017,sz002613,北玻股份,0
2017,sz600890,中房股份,0
2017,sz000545,金浦钛业,0
2017,sz000761,本钢板材,0
2017,sz002006,精功科技,1
2017,sz002827,高争民爆,0
2017,sz002441,众业达,0
2017,sz002287,奇正藏药,1
2017,sz002275,桂林三金,0
2017,sz300573,兴齐眼药,0
2017,sz300553,集智股份,0
2017,sz300321,同大股份,0
2017,sz600232,金鹰股份,0
2017,sz600969,郴电国际,0
2017,sz603655,朗博科技,0
2017,sz603937,丽岛新材,1
2017,sz000913,钱江摩托,0
2017,sz000088,盐 田 港,0
2017,sz300290,荣科科技,1
2017,sz300402,宝色股份,0
2017,sz603022,新通联,0
2017,sz600332,白云山,1
2017,sz600740,山西焦化,0
2017,sz002634,棒杰股份,1
2017,sz002903,宇环数控,0
2017,sz002566,益盛药业,0
2017,sz300642,透景生命,0
2017,sz002022,科华生物,0
2017,sz603458,勘设股份,0
2017,sz600406,国电南瑞,1
2017,sz300020,银江股份,1
2017,sz603989,艾华集团,0
2017,sz300039,上海凯宝,0
2017,sz600444,国机通用,1
2017,sz603585,苏利股份,0
2017,sz300113,顺网科技,1
2017,sz002151,北斗星通,0
2017,sz300472,新元科技,1
2017,sz600820,隧道股份,1
2017,sz600345,长江通信,1
2017,sz603856,东宏股份,0
2017,sz002689,远大智能,0
2017,sz603856,东宏股份,0
2017,sz002767,先锋电子,1
2017,sz002778,高科石化,0
2017,sz603099,长白山,0
2017,sz603577,汇金通,0
2017,sz300277,海联讯,0
2017,sz002826,易明医药,0
2017,sz600148,长春一东,0
2017,sz603880,南卫股份,0
2017,sz300412,迦南科技,0
2017,sz000791,甘肃电投,1
2017,sz300136,信维通信,0
2017,sz002237,恒邦股份,0
2017,sz002453,天马精化,1
2017,sz600152,维科精华,0
2017,sz603660,苏州科达,1
2017,sz002044,美年健康,1
2017,sz300319,麦捷科技,0
2017,sz002789,建艺集团,0
2017,sz600383,金地集团,1
2017,sz603683,晶华新材,0
2017,sz300348,长亮科技,1
2017,sz300513,恒泰实达,1
2017,sz002246,北化股份,0
2017,sz002543,万和电气,1
2017,sz300632,光莆股份,0
2017,sz603056,德邦股份,1
2017,sz603569,长久物流,1
2017,sz603679,华体科技,1
2017,sz300447,全信股份,0
2017,sz300624,万兴科技,1
2017,sz300235,方直科技,1
2017,sz002657,中科金财,1
2017,sz000017,深中华A,0
2017,sz000625,长安汽车,1
2017,sz300051,三五互联,1
2017,sz000524,岭南控股,1
2017,sz300444,双杰电气,1
2017,sz600884,杉杉股份,1
2017,sz601900,南方传媒,0
2017,sz603515,欧普照明,1
2017,sz603606,东方电缆,0
2017,sz002732,燕塘乳业,0
2017,sz300739,明阳电路,0
2017,sz000988,华工科技,1
2017,sz600212,江泉实业,0
2017,sz002218,拓日新能,0
2017,sz600327,大东方,1
2017,sz600385,山东金泰,0
2017,sz600599,熊猫金控,1
2017,sz600630,龙头股份,0
2017,sz600839,四川长虹,1
2017,sz300738,奥飞数据,1
2017,sz002579,中京电子,0
2017,sz300207,欣旺达,1
2017,sz000633,合金投资,1
2017,sz300363,博腾股份,0
2017,sz300380,安硕信息,1
2017,sz300029,天龙光电,0
2017,sz002129,中环股份,1
2017,sz600397,安源煤业,0
2017,sz600578,京能电力,0
2017,sz603266,天龙股份,0
2017,sz000980,众泰汽车,0
2017,sz603722,阿科力,0
2017,sz000801,四川九洲,1
2017,sz002805,丰元股份,0
2017,sz300732,设研院,1
2017,sz002687,乔治白,1
2017,sz603605,珀莱雅,0
2017,sz603709,中源家居,1
2017,sz002833,弘亚数控,0
2017,sz002691,冀凯股份,0
2017,sz002157,正邦科技,0
2017,sz300295,三六五网,0
2017,sz601222,林洋能源,1
2017,sz603023,威帝股份,0
2017,sz603326,我乐家居,1
2017,sz600712,南宁百货,0
2017,sz002750,龙津药业,0
2017,sz002549,凯美特气,0
2017,sz002309,中利集团,0
2017,sz603888,新华网,1
2017,sz000035,中国天楹,1
2017,sz603238,诺邦股份,0
2017,sz300264,佳创视讯,1
2017,sz000937,冀中能源,0
2017,sz600737,中粮糖业,1
2017,sz600824,益民集团,0
2017,sz002655,共达电声,0
2017,sz300370,安控科技,1
2017,sz603617,君禾股份,0
2017,sz600867,通化东宝,0
2017,sz603968,醋化股份,0
2017,sz601010,文峰股份,1
2017,sz601958,金钼股份,0
2017,sz603031,安德利,1
2017,sz603239,浙江仙通,0
2017,sz603416,信捷电气,0
2017,sz002315,焦点科技,1
2017,sz300448,浩云科技,1
2017,sz002726,龙大肉食,0
2017,sz002105,信隆健康,1
2017,sz002516,旷达科技,0
2017,sz300257,开山股份,0
2017,sz300038,梅泰诺,1
2017,sz600996,贵广网络,1
2017,sz002113,天润数娱,0
2017,sz600051,宁波联合,1
2017,sz600366,宁波韵升,1
2017,sz600704,物产中大,1
2017,sz600708,光明地产,1
2017,sz002488,金固股份,0
2017,sz600795,国电电力,0
2017,sz603339,四方冷链,0
2017,sz300611,美力科技,0
2017,sz300487,蓝晓科技,0
2017,sz300631,久吾高科,0
2017,sz300671,富满电子,0
2017,sz300503,昊志机电,1
2017,sz002486,嘉麟杰,1
2017,sz000509,华塑控股,0
2017,sz002416,爱施德,1
2017,sz600843,上工申贝,0
2017,sz002008,大族激光,0
2017,sz601127,小康股份,1
2017,sz603000,人民网,1
2017,sz603106,恒银金融,1
2017,sz300379,东方通,1
2017,sz000680,山推股份,1
2017,sz002607,亚夏汽车,0
2017,sz002790,瑞尔特,0
2017,sz300691,联合光电,0
2017,sz002267,陕天然气,0
2017,sz002220,天宝食品,0
2017,sz600363,联创光电,0
2017,sz600822,上海物贸,0
2017,sz300668,杰恩设计,0
2017,sz300697,电工合金,0
2017,sz300197,铁汉生态,0
2017,sz002010,传化智联,1
2017,sz600031,三一重工,1
2017,sz600155,宝硕股份,1
2017,sz600199,金种子酒,0
2017,sz600277,亿利洁能,1
2017,sz600326,西藏天路,0
2017,sz000068,华控赛格,0
2017,sz002707,众信旅游,1
2017,sz000830,鲁西化工,0
2017,sz600133,东湖高新,1
2017,sz300537,广信材料,0
2017,sz300469,信息发展,1
2017,sz300224,正海磁材,0
2017,sz002411,必康股份,1
2017,sz300519,新光药业,0
2017,sz600103,青山纸业,1
2017,sz002115,三维通信,1
2017,sz600510,黑牡丹,0
2017,sz600538,国发股份,1
2017,sz002867,周大生,0
2017,sz000889,茂业通信,1
2017,sz600048,保利地产,0
2017,sz600288,大恒科技,1
2017,sz300489,中飞股份,0
2017,sz600089,特变电工,0
2017,sz002102,冠福股份,1
2017,sz300432,富临精工,0
2017,sz600182,S佳通,0
2017,sz603043,广州酒家,1
2017,sz603128,华贸物流,1
2017,sz601100,恒立液压,0
2017,sz601113,华鼎股份,1
2017,sz300285,国瓷材料,0
2017,sz603316,诚邦股份,0
2017,sz603767,中马传动,0
2017,sz300258,精锻科技,0
2017,sz603885,吉祥航空,1
2017,sz300592,华凯创意,0
2017,sz300508,维宏股份,1
2017,sz600448,华纺股份,1
2017,sz300484,蓝海华腾,0
2017,sz000656,金科股份,1
2017,sz600261,阳光照明,0
2017,sz002434,万里扬,0
2017,sz603887,城地股份,0
2017,sz603979,金诚信,1
2017,sz300125,易世达,1
2017,sz002331,皖通科技,1
2017,sz600903,贵州燃气,1
2017,sz603360,百傲化学,0
2017,sz300626,华瑞股份,0
2017,sz002308,威创股份,1
2017,sz002452,长高集团,0
2017,sz600153,建发股份,0
2017,sz600802,福建水泥,0
2017,sz603100,川仪股份,1
2017,sz300112,万讯自控,0
2017,sz300080,易成新能,0
2017,sz002526,山东矿机,0
2017,sz600337,美克家居,1
2017,sz300211,亿通科技,1
2017,sz002511,中顺洁柔,0
2017,sz002606,大连电瓷,0
2017,sz300560,中富通,1
2017,sz600305,恒顺醋业,1
2017,sz000726,鲁 泰Ａ,0
2017,sz600361,华联综超,0
2017,sz000581,威孚高科,0
2017,sz002438,江苏神通,1
2017,sz600550,保变电气,1
2017,sz603989,艾华集团,0
2017,sz600220,江苏阳光,0
2017,sz002406,远东传动,0
2017,sz600359,新农开发,0
2017,sz300395,菲利华,0
2017,sz300517,海波重科,0
2017,sz300381,溢多利,0
2017,sz300735,光弘科技,0
2017,sz603055,台华新材,0
2017,sz000606,神州易桥,1
2017,sz603986,兆易创新,1
2017,sz600764,中国海防,0
2017,sz603843,正平股份,0
2017,sz603848,好太太,1
2017,sz603889,新澳股份,1
2017,sz603976,正川股份,0
2017,sz603568,伟明环保,0
2017,sz603685,晨丰科技,0
2017,sz603020,爱普股份,0
2017,sz603113,金能科技,0
2017,sz603517,绝味食品,0
2017,sz603527,众源新材,0
2017,sz600436,片仔癀,0
2017,sz600203,福日电子,0
2017,sz600276,恒瑞医药,0
2017,sz600381,青海春天,0
2017,sz000584,哈工智能,1
2017,sz002822,中装建设,0
2017,sz002841,视源股份,1
2017,sz000809,*ST新城,0
2017,sz002335,科华恒盛,1
2017,sz300713,英可瑞,0
2017,sz002050,三花智控,0
2017,sz002279,久其软件,1
2017,sz300255,常山药业,0
2017,sz002659,凯文教育,0
2017,sz002539,云图控股,1
2017,sz300514,友讯达,0
2017,sz300546,雄帝科技,1
2017,sz002504,*ST弘高,0
2017,sz600881,亚泰集团,1
2017,sz002819,东方中科,0
2017,sz300017,网宿科技,1
2017,sz002350,北京科锐,0
2017,sz603586,金麒麟,0
2017,sz000926,福星股份,0
2017,sz000753,漳州发展,0
2017,sz300078,思创医惠,1
2017,sz600387,海越股份,0
2017,sz002205,国统股份,0
2017,sz600333,长春燃气,0
2017,sz600639,浦东金桥,0
2017,sz600132,重庆啤酒,0
2017,sz300343,联创互联,1
2017,sz603988,中电电机,0
2017,sz002344,海宁皮城,1
2017,sz000671,阳 光 城,1
2017,sz600336,澳柯玛,0
2017,sz600498,烽火通信,1
2017,sz600039,四川路桥,0
2017,sz603699,纽威股份,0
2017,sz300389,艾比森,1
2017,sz002510,天汽模,0
2017,sz300500,启迪设计,1
2017,sz000419,通程控股,0
2017,sz603306,华懋科技,0
2017,sz002110,三钢闽光,0
2017,sz600739,辽宁成大,0
2017,sz300228,富瑞特装,0
2017,sz600166,福田汽车,1
2017,sz600476,湘邮科技,1
2017,sz600037,歌华有线,1
2017,sz600681,百川能源,0
2017,sz600376,首开股份,0
2017,sz002214,大立科技,0
2017,sz002003,伟星股份,0
2017,sz002222,福晶科技,0
2017,sz300731,科创新源,0
2017,sz000505,京粮控股,0
2017,sz300736,百华悦邦,0
2017,sz300217,东方电热,1
2017,sz300535,达威股份,0
2017,sz600477,杭萧钢构,0
2017,sz603918,金桥信息,1
2017,sz002168,深圳惠程,1
2017,sz000630,铜陵有色,0
2017,sz300725,药石科技,0
2017,sz000027,深圳能源,0
2017,sz600789,鲁抗医药,0
2017,sz601311,骆驼股份,1
2017,sz300458,全志科技,0
2017,sz300638,广和通,1
2017,sz600173,卧龙地产,0
2017,sz601116,三江购物,1
2017,sz603701,德宏股份,0
2017,sz603917,合力科技,0
2017,sz002472,双环传动,0
2017,sz600167,联美控股,0
2017,sz600318,新力金融,1
2017,sz600992,贵绳股份,0
2017,sz300368,汇金股份,1
2017,sz603380,易德龙,1
2017,sz600303,曙光股份,0
2017,sz601086,国芳集团,1
2017,sz300577,开润股份,1
2017,sz600360,华微电子,0
2017,sz603199,九华旅游,0
2017,sz002490,*ST墨龙,0
2017,sz603696,安记食品,0
2017,sz002590,万安科技,0
2017,sz600127,金健米业,0
2017,sz603338,浙江鼎力,0
2017,sz002176,江特电机,0
2017,sz300064,豫金刚石,0
2017,sz002307,北新路桥,0
2017,sz603488,展鹏科技,0
2017,sz002915,中欣氟材,0
2017,sz000710,贝瑞基因,1
2017,sz300643,万通智控,0
2017,sz002850,科达利,0
2017,sz300669,沪宁股份,0
2017,sz600070,浙江富润,1
2017,sz300120,经纬电材,0
2017,sz601368,绿城水务,0
2017,sz600628,新世界,1
2017,sz002300,太阳电缆,0
2017,sz002158,汉钟精机,1
2017,sz600853,龙建股份,0
2017,sz000966,长源电力,1
2017,sz300329,海伦钢琴,0
2017,sz600644,乐山电力,1
2017,sz600883,博闻科技,0
2017,sz600513,联环药业,0
2017,sz600619,海立股份,1
2017,sz002103,广博股份,1
2017,sz600080,金花股份,0
2017,sz603393,新天然气,0
2017,sz601019,山东出版,1
2017,sz002702,海欣食品,0
2017,sz000570,苏常柴Ａ,0
2017,sz002085,万丰奥威,0
2017,sz601668,中国建筑,1
2017,sz603869,北部湾旅,1
2017,sz600848,上海临港,0
2017,sz600864,哈投股份,0
2017,sz603008,喜临门,0
2017,sz603728,鸣志电器,1
2017,sz600312,平高电气,1
2017,sz600075,新疆天业,1
2017,sz002371,北方华创,1
2017,sz600697,欧亚集团,1
2017,sz300662,科锐国际,1
2017,sz000878,云南铜业,0
2017,sz000617,中油资本,1
2017,sz300630,普利制药,0
2017,sz002905,金逸影视,1
2017,sz600325,华发股份,1
2017,sz300278,华昌达,1
2017,sz600584,长电科技,0
2017,sz603330,上海天洋,0
2017,sz603738,泰晶科技,0
2017,sz002560,通达股份,0
2017,sz002734,利民股份,1
2017,sz000655,金岭矿业,0
2017,sz600054,黄山旅游,0
2017,sz300541,先进数通,1
2017,sz600505,西昌电力,0
2017,sz300330,华虹计通,1
2017,sz002045,国光电器,1
2017,sz603086,先达股份,0
2017,sz300617,安靠智电,0
2017,sz600409,三友化工,0
2017,sz603268,松发股份,0
2017,sz300021,大禹节水,1
2017,sz600079,人福医药,0
2017,sz600388,龙净环保,1
2017,sz000665,湖北广电,1
2017,sz600734,实达集团,1
2017,sz603386,广东骏亚,0
2017,sz000538,云南白药,1
2017,sz200771,杭汽轮Ｂ,0
2017,sz002840,华统股份,0
2017,sz300225,金力泰,0
2017,sz000736,中交地产,0
2017,sz300374,恒通科技,0
2017,sz000682,东方电子,1
2017,sz603131,上海沪工,1
2017,sz002653,海思科,0
2017,sz600242,中昌数据,1
2017,sz300623,捷捷微电,0
2017,sz000021,深科技,0
2017,sz600909,华安证券,1
2017,sz603499,翔港科技,1
2017,sz000407,胜利股份,0
2017,sz600677,航天通信,1
2017,sz002484,江海股份,0
2017,sz600468,百利电气,0
2017,sz600800,天津磁卡,1
2017,sz600933,爱柯迪,1
2017,sz000836,鑫茂科技,1
2017,sz002489,浙江永强,0
2017,sz300308,中际旭创,1
2017,sz600512,腾达建设,0
2017,sz600156,华升股份,0
2017,sz600479,千金药业,1
2017,sz600796,钱江生化,0
2017,sz603838,四通股份,0
2017,sz002232,启明信息,1
2017,sz000859,国风塑业,0
2017,sz600321,正源股份,0
2017,sz600743,华远地产,0
2017,sz601003,柳钢股份,0
2017,sz600162,香江控股,1
2017,sz600069,银鸽投资,0
2017,sz600256,广汇能源,1
2017,sz300245,天玑科技,1
2017,sz002926,华西证券,1
2017,sz000070,特发信息,1
2017,sz000811,冰轮环境,0
2017,sz603365,水星家纺,1
2017,sz603997,继峰股份,0
2017,sz002800,天顺股份,1
2017,sz002146,荣盛发展,0
2017,sz600120,浙江东方,0
2017,sz600415,小商品城,1
2017,sz002388,新亚制程,0
2017,sz002172,澳洋科技,0
2017,sz603387,基蛋生物,0
2017,sz002433,太安堂,1
2017,sz600501,航天晨光,0
2017,sz002376,新北洋,1
2017,sz000929,兰州黄河,0
2017,sz000568,泸州老窖,0
2017,sz002361,神剑股份,0
2017,sz002128,露天煤业,1
2017,sz000780,*ST平能,0
2017,sz300572,安车检测,0
2017,sz600023,浙能电力,0
2017,sz600506,香梨股份,0
2017,sz600586,金晶科技,0
2017,sz600746,江苏索普,0
2017,sz600838,上海九百,1
2017,sz601177,杭齿前进,0
2017,sz000609,中迪投资,0
2017,sz603229,奥翔药业,0
2017,sz603868,飞科电器,0
2017,sz002690,美亚光电,1
2017,sz300310,宜通世纪,1
2017,sz300627,华测导航,1
2017,sz600117,西宁特钢,0
2017,sz000632,三木集团,0
2017,sz603058,永吉股份,0
2017,sz600375,华菱星马,0
2017,sz600715,文投控股,0
2017,sz601515,东风股份,0
2017,sz603369,今世缘,1
2017,sz603516,淳中科技,1
2017,sz603598,引力传媒,1
2017,sz603708,家家悦,1
2017,sz002359,北讯集团,1
2017,sz600596,新安股份,1
2017,sz300556,丝路视觉,0
2017,sz002354,天神娱乐,0
2017,sz002811,亚泰国际,0
2017,sz002031,巨轮智能,0
2017,sz300212,易华录,1
2017,sz300271,华宇软件,1
2017,sz300595,欧普康视,1
2017,sz603501,韦尔股份,0
2017,sz603637,镇海股份,0
2017,sz300316,晶盛机电,0
2017,sz300558,贝达药业,0
2017,sz300284,苏交科,1
2017,sz600290,华仪电气,1
2017,sz300498,温氏股份,1
2017,sz603161,科华控股,0
2017,sz603356,华菱精工,0
2017,sz603466,风语筑,1
2017,sz600122,宏图高科,1
2017,sz600557,康缘药业,1
2017,sz600368,五洲交通,0
2017,sz000561,烽火电子,1
2017,sz600230,沧州大化,0
2017,sz002436,兴森科技,1
2017,sz600352,浙江龙盛,0
2017,sz603737,三棵树,1
2017,sz600379,宝光股份,0
2017,sz600470,六国化工,0
2017,sz600866,星湖科技,0
2017,sz603036,如通股份,0
2017,sz603823,百合花,0
2017,sz603909,合诚股份,0
2017,sz603955,大千生态,0
2017,sz900957,凌云Ｂ股,0
2017,sz001965,招商公路,1
2017,sz002364,中恒电气,1
2017,sz300263,隆华节能,1
2017,sz002846,英联股份,0
2017,sz002087,新野纺织,0
2017,sz300371,汇中股份,1
2017,sz002025,航天电器,0
2017,sz002683,宏大爆破,0
2017,sz000158,常山北明,1
2017,sz002426,胜利精密,0
2017,sz300443,金雷风电,0
2017,sz002508,老板电器,0
2017,sz000881,中广核技,0
2017,sz002381,双箭股份,0
2017,sz000610,西安旅游,0
2017,sz300057,万顺股份,0
2017,sz002255,海陆重工,0
2017,sz002626,金达威,0
2017,sz600019,宝钢股份,0
2017,sz300314,戴维医疗,1
2017,sz300325,德威新材,0
2017,sz002116,中国海诚,0
2017,sz000059,华锦股份,0
2017,sz603289,泰瑞机器,0
2017,sz300589,江龙船艇,0
2017,sz603318,派思股份,0
2017,sz002395,双象股份,0
2017,sz600868,梅雁吉祥,0
2017,sz000525,红 太 阳,1
2017,sz300341,麦迪电气,0
2017,sz002058,威 尔 泰,0
2017,sz000935,四川双马,0
2017,sz300683,海特生物,0
2017,sz002837,英维克,1
2017,sz300616,尚品宅配,1
2017,sz002890,弘宇股份,0
2017,sz300238,冠昊生物,0
2017,sz001696,宗申动力,0
2017,sz601179,中国西电,0
2017,sz603822,嘉澳环保,0
2017,sz300552,万集科技,1
2017,sz300140,中环装备,1
2017,sz300699,光威复材,0
2017,sz300196,长海股份,0
2017,sz603817,海峡环保,0
2017,sz600901,江苏租赁,1
2017,sz000981,银亿股份,0
2017,sz603766,隆鑫通用,1
2017,sz002313,日海通讯,1
2017,sz000547,航天发展,0
2017,sz002451,摩恩电气,1
2017,sz600792,云煤能源,0
2017,sz002537,海联金汇,1
2017,sz002760,凤形股份,0
2017,sz002758,华通医药,0
2017,sz300441,鲍斯股份,0
2017,sz000702,正虹科技,0
2017,sz300420,五洋停车,1
2017,sz600693,东百集团,0
2017,sz002920,德赛西威,1
2017,sz300598,诚迈科技,1
2017,sz002312,*ST三泰,1
2017,sz002051,中工国际,1
2017,sz002518,科士达,1
2017,sz300466,赛摩电气,1
2017,sz601366,利群股份,1
2017,sz000540,中天金融,1
2017,sz600563,法拉电子,0
2017,sz300087,荃银高科,0
2017,sz002587,奥拓电子,1
2017,sz002803,吉宏股份,1
2017,sz002578,闽发铝业,0
2017,sz002353,杰瑞股份,0
2017,sz002474,榕基软件,1
2017,sz600084,中葡股份,0
2017,sz603005,晶方科技,1
2017,sz300164,通源石油,0
2017,sz002320,海峡股份,0
2017,sz002062,宏润建设,0
2017,sz000510,金路集团,0
2017,sz002900,哈三联,1
2017,sz002029,七 匹 狼,0
2017,sz300074,华平股份,1
2017,sz600782,新钢股份,0
2017,sz603608,天创时尚,1
2017,sz603010,万盛股份,0
2017,sz603811,诚意药业,0
2017,sz603429,集友股份,0
2017,sz300154,瑞凌股份,0
2017,sz300529,健帆生物,0
2017,sz002500,山西证券,1
2017,sz600128,弘业股份,0
2017,sz600695,绿庭投资,0
2017,sz002630,华西能源,0
2017,sz002174,游族网络,1
2017,sz002593,日上集团,1
2017,sz300699,光威复材,0
2017,sz002738,中矿资源,0
2017,sz300150,世纪瑞尔,1
2017,sz000060,中金岭南,0
2017,sz300538,同益股份,0
2017,sz000430,张家界,0
2017,sz300424,航新科技,1
2017,sz300172,中电环保,0
2017,sz300430,诚益通,0
2017,sz300492,山鼎设计,0
2017,sz600738,兰州民百,0
2017,sz600738,兰州民百,0
2017,sz600768,宁波富邦,0
2017,sz300334,津膜科技,0
2017,sz002173,创新医疗,0
2017,sz600469,风神股份,1
2017,sz600855,航天长峰,1
2017,sz603559,中通国脉,1
2017,sz002887,绿茵生态,0
2017,sz000528,柳 工,1
2017,sz002535,林州重机,1
2017,sz300106,西部牧业,1
2017,sz002851,麦格米特,0
2017,sz000612,焦作万方,0
2017,sz000090,天健集团,0
2017,sz002583,海能达,1
2017,sz000025,特 力Ａ,1
2017,sz600171,上海贝岭,1
2017,sz600391,航发科技,0
2017,sz300149,量子高科,1
2017,sz300227,光韵达,0
2017,sz002398,建研集团,1
2017,sz002360,同德化工,0
2017,sz300620,光库科技,0
2017,sz600380,健康元,0
2017,sz600598,北大荒,0
2017,sz601126,四方股份,0
2017,sz300400,劲拓股份,1
2017,sz002118,紫鑫药业,0
2017,sz300568,星源材质,0
2017,sz300192,科斯伍德,1
2017,sz600063,皖维高新,0
2017,sz600105,永鼎股份,1
2017,sz603659,璞泰来,0
2017,sz300685,艾德生物,0
2017,sz600066,宇通客车,0
2017,sz600243,青海华鼎,0
2017,sz600763,通策医疗,0
2017,sz000572,海马汽车,1
2017,sz002083,孚日股份,0
2017,sz601011,宝泰隆,0
2017,sz603602,纵横通信,1
2017,sz603912,佳力图,1
2017,sz300066,三川智慧,1
2017,sz600558,大西洋,0
2017,sz002009,天奇股份,1
2017,sz600021,上海电力,0
2017,sz603026,石大胜华,0
2017,sz000902,新洋丰,0
2017,sz300073,当升科技,1
2017,sz603383,顶点软件,1
2017,sz603444,吉比特,1
2017,sz002765,蓝黛传动,0
2017,sz600161,天坛生物,0
2017,sz603032,德新交运,1
2017,sz603060,国检集团,1
2017,sz603126,中材节能,0
2017,sz603385,惠达卫浴,1
2017,sz603776,永安行,1
2017,sz002460,赣锋锂业,0
2017,sz002059,云南旅游,0
2017,sz002797,第一创业,0
2017,sz002858,力盛赛车,0
2017,sz300233,金城医药,0
2017,sz300195,长荣股份,0
2017,sz300511,雪榕生物,1
2017,sz300465,高伟达,1
2017,sz600682,南京新百,1
2017,sz300268,佳沃股份,0
2017,sz002456,欧菲科技,1
2017,sz000422,*ST宜化,0
2017,sz600575,皖江物流,0
2017,sz300554,三超新材,0
2017,sz600740,山西焦化,0
2017,sz300702,天宇股份,0
2017,sz600744,华银电力,0
2017,sz002179,中航光电,0
2017,sz603588,高能环境,1
2017,sz300167,迪威迅,0
2017,sz000521,美菱电器,1
2017,sz000685,中山公用,1
2017,sz300232,洲明科技,1
2017,sz300288,朗玛信息,1
2017,sz300354,东华测试,1
2017,sz600721,百花村,0
2017,sz600351,亚宝药业,1
2017,sz600687,刚泰控股,0
2017,sz603429,集友股份,0
2017,sz300673,佩蒂股份,0
2017,sz002483,润邦股份,1
2017,sz000755,*ST三维,0
2017,sz300107,建新股份,0
2017,sz600500,中化国际,1
2017,sz300385,雪浪环境,0
2017,sz300132,青松股份,0
2017,sz300242,佳云科技,1
2017,sz002680,长生生物,0
2017,sz002581,未名医药,0
2017,sz600478,科力远,0
2017,sz600217,中再资环,0
2017,sz002399,海普瑞,0
2017,sz603032,德新交运,1
2017,sz300317,珈伟股份,0
2017,sz000049,德赛电池,0
2017,sz600225,天津松江,1
2017,sz600388,龙净环保,1
2017,sz002321,华英农业,0
2017,sz000576,广东甘化,0
2017,sz000056,皇庭国际,1
2017,sz600393,粤泰股份,0
2017,sz002191,劲嘉股份,1
2017,sz300248,新开普,1
2017,sz600018,上港集团,1
2017,sz300366,创意信息,1
2017,sz600757,长江传媒,1
2017,sz600810,神马股份,1
2017,sz300711,广哈通信,0
2017,sz300042,朗科科技,0
2017,sz600085,同仁堂,0
2017,sz600179,安通控股,0
2017,sz600868,梅雁吉祥,0
2017,sz002217,合力泰,1
2017,sz600789,鲁抗医药,0
2017,sz603963,大理药业,0
2017,sz200706,瓦轴B,0
2017,sz601000,唐山港,0
2017,sz000697,炼石有色,0
2017,sz600559,老白干酒,0
2017,sz600680,*ST上普,0
2017,sz600812,华北制药,0
2017,sz000952,广济药业,0
2017,sz600186,莲花健康,0
2017,sz603958,哈森股份,0
2017,sz600241,时代万恒,0
2017,sz600310,桂东电力,0
2017,sz600203,福日电子,0
2017,sz603007,花王股份,0
2017,sz000707,*ST双环,0
2017,sz000826,启迪桑德,1
2017,sz600664,哈药股份,0
2017,sz000962,东方钽业,0
2017,sz600196,复星医药,0
2017,sz600802,福建水泥,0
2017,sz600763,通策医疗,0
2017,sz601579,会稽山,1
2017,sz000970,中科三环,1
2017,sz600079,人福医药,0
2017,sz600676,交运股份,1
2017,sz600750,江中药业,1
2017,sz600819,耀皮玻璃,0
2017,sz600626,申达股份,0
2017,sz600165,新日恒力,0
2017,sz600651,飞乐音响,1
2017,sz600238,*ST椰岛,1
2017,sz601968,宝钢包装,0
2017,sz600962,国投中鲁,1
2017,sz600529,山东药玻,0
2017,sz600624,复旦复华,0
2017,sz600825,新华传媒,1
2017,sz600275,ST昌鱼,0
2017,sz300241,瑞丰光电,0
2017,sz600839,四川长虹,1
2017,sz002099,海翔药业,0
2017,sz600242,中昌数据,1
2017,sz600152,维科精华,0
2017,sz600587,新华医疗,0
2017,sz603616,韩建河山,1
2017,sz000526,*ST紫学,0
2017,sz002086,东方海洋,1
2017,sz300055,万邦达,0
2017,sz300297,蓝盾股份,1
2017,sz600195,中牧股份,0
2017,sz600488,天药股份,0
2017,sz600469,风神股份,1
2017,sz600129,太极集团,0
2017,sz600161,天坛生物,0
2017,sz600249,两面针,0
2017,sz600252,中恒集团,0
2017,sz600978,宜华生活,1
2017,sz603156,养元饮品,0
2017,sz600803,新奥股份,0
2017,sz600017,日照港,1
2017,sz603086,先达股份,0
2017,sz600119,长江投资,0
2017,sz600422,昆药集团,0
2017,sz600292,远达环保,1
2017,sz600470,六国化工,0
2017,sz600594,益佰制药,1
2017,sz600677,航天通信,1
2017,sz600792,云煤能源,0
2017,sz600882,广泽股份,0
2017,sz603686,龙马环卫,1
2017,sz600787,中储股份,1
2017,sz603977,国泰集团,1
2017,sz300156,神雾环保,0
2017,sz300115,长盈精密,0
2017,sz300063,天龙集团,1
2017,sz601218,吉鑫科技,0
2017,sz603669,灵康药业,0
2017,sz600317,营口港,1
2017,sz600572,康恩贝,0
2017,sz002147,新光圆成,0
2017,sz000727,华东科技,0
2017,sz603345,安井食品,1
2017,sz600879,航天电子,0
2017,sz600367,红星发展,0
2017,sz002374,丽鹏股份,1
2017,sz600872,中炬高新,0
2017,sz600543,莫高股份,0
2017,sz600293,三峡新材,0
2017,sz603077,和邦生物,0
2017,sz300134,大富科技,0
2017,sz002427,*ST尤夫,0
2017,sz600086,东方金钰,1
2017,sz000595,*ST宝实,0
2017,sz600516,方大炭素,0
2017,sz002447,晨鑫科技,1
2017,sz000759,中百集团,0
2017,sz600141,兴发集团,0
2017,sz600499,科达洁能,0
2017,sz603218,日月股份,0
2017,sz600400,红豆股份,0
2017,sz600983,惠而浦,1
2017,sz600653,申华控股,0
2017,sz600998,九州通,0
2017,sz603009,北特科技,0
2017,sz600234,ST山水,0
2017,sz603021,山东华鹏,0
2017,sz002333,罗普斯金,0
2017,sz002162,悦心健康,1
2017,sz600501,航天晨光,0
2017,sz002224,三 力 士,0
2017,sz600727,鲁北化工,0
2017,sz300526,中潜股份,0
2017,sz000837,秦川机床,0
2017,sz603969,银龙股份,0
2017,sz600238,*ST椰岛,1
2017,sz600211,西藏药业,0
2017,sz600997,开滦股份,0
2017,sz603335,迪生力,0
2017,sz603335,迪生力,0
2017,sz600707,彩虹股份,0
2017,sz600561,江西长运,1
2017,sz000708,大冶特钢,0
2017,sz600976,健民集团,1
2017,sz600073,上海梅林,0
2017,sz600801,华新水泥,0
2017,sz600267,海正药业,0
2017,sz603778,乾景园林,1
2017,sz601718,际华集团,1
2017,sz000963,华东医药,1
2017,sz002407,多氟多,0
2017,sz600862,中航高科,0
2017,sz300129,泰胜风能,0
2017,sz600298,安琪酵母,0
2017,sz600467,好当家,1
2017,sz600584,长电科技,0
2017,sz600783,鲁信创投,0
2017,sz600885,宏发股份,0
2017,sz603858,步长制药,0
2017,sz300350,华鹏飞,1
2017,sz600220,江苏阳光,0
2017,sz600988,赤峰黄金,0
2017,sz603288,海天味业,1
2017,sz603308,应流股份,0
2017,sz600156,华升股份,0
2017,sz002013,中航机电,0
2017,sz300648,星云股份,0
2017,sz002127,南极电商,0
2017,sz600881,亚泰集团,1
2017,sz002895,川恒股份,0
2017,sz300090,盛运环保,0
2017,sz600993,马应龙,0
2017,sz600370,三房巷,0
2017,sz603027,千禾味业,0
2017,sz002251,步 步 高,1
2017,sz300625,三雄极光,0
2017,sz600479,千金药业,1
2017,sz300580,贝斯特,1
2017,sz300031,宝通科技,1
2017,sz002620,瑞和股份,1
2017,sz600469,风神股份,1
2017,sz600096,云天化,1
2017,sz600419,天润乳业,0
2017,sz601069,西部黄金,0
2017,sz601216,君正集团,0
2017,sz603313,梦百合,0
2017,sz300198,纳川股份,0
2017,sz002278,神开股份,0
2017,sz002547,春兴精工,0
2017,sz002825,纳尔股份,0
2017,sz000590,启迪古汉,0
2017,sz600741,华域汽车,0
2017,sz600090,同济堂,1
2017,sz300234,开尔新材,0
2017,sz300647,超频三,0
2017,sz600156,华升股份,0
2017,sz600166,福田汽车,1
2017,sz600863,内蒙华电,1
2017,sz002070,*ST众和,0
2017,sz600156,华升股份,0
2017,sz002632,道明光学,0
2017,sz600619,海立股份,1
2017,sz603330,上海天洋,0
2017,sz000825,太钢不锈,1
2017,sz002713,东易日盛,1
2017,sz600165,新日恒力,0
2017,sz002923,润都股份,0
2017,sz300041,回天新材,0
2017,sz600549,厦门钨业,0
2017,sz600078,澄星股份,0
2017,sz600379,宝光股份,0
2017,sz300405,科隆股份,0
2017,sz300651,金陵体育,0
2017,sz600050,中国联通,1
2017,sz002921,联诚精密,0
2017,sz002491,通鼎互联,1
2017,sz002672,东江环保,0
2017,sz600137,浪莎股份,0
2017,sz002640,跨境通,1
2017,sz002664,长鹰信质,0
2017,sz002848,高斯贝尔,1
2017,sz600462,九有股份,0
2017,sz600540,新赛股份,0
2017,sz603696,安记食品,0
2017,sz601198,东兴证券,1
2017,sz600703,三安光电,1
2017,sz601127,小康股份,1
2017,sz000420,吉林化纤,0
2017,sz002470,金正大,1
2017,sz600520,文一科技,1
2017,sz002621,三垒股份,0
2017,sz300343,联创互联,1
2017,sz002577,雷柏科技,1
2017,sz603169,兰石重装,0
2017,sz600365,通葡股份,0
2017,sz002073,软控股份,1
2017,sz002897,意华股份,1
2017,sz002871,伟隆股份,0
2017,sz300446,乐凯新材,0
2017,sz600680,*ST上普,0
2017,sz600759,洲际油气,0
2017,sz300019,硅宝科技,0
2017,sz600175,美都能源,0
2017,sz600300,维维股份,1
2017,sz600010,包钢股份,1
2017,sz600305,恒顺醋业,1
2017,sz000800,一汽轿车,0
2017,sz000910,大亚圣象,0
2017,sz300220,金运激光,1
2017,sz300158,振东制药,0
2017,sz300218,安利股份,0
2017,sz601225,陕西煤业,0
2017,sz600782,新钢股份,0
2017,sz000863,三湘印象,0
2017,sz000516,国际医学,1
2017,sz300475,聚隆科技,0
2017,sz000977,浪潮信息,1
2017,sz000939,凯迪生态,1
2017,sz000693,*ST华泽,0
2017,sz002492,恒基达鑫,0
2017,sz002541,鸿路钢构,0
2017,sz000982,*ST 中绒,0
2017,sz002477,雏鹰农牧,1
2017,sz002481,双塔食品,0
2017,sz600362,江西铜业,0
2017,sz600143,金发科技,1
2017,sz002422,科伦药业,0
2017,sz600399,抚顺特钢,0
2017,sz000979,中弘股份,0
2017,sz002857,三晖电气,1
2017,sz601015,陕西黑猫,0
2017,sz600461,洪城水业,0
2017,sz000598,兴蓉环境,0
2017,sz002149,西部材料,0
2017,sz603603,博天环境,0
2017,sz000586,汇源通信,0
2017,sz002601,龙蟒佰利,0
2017,sz000638,万方发展,1
2017,sz200160,东沣B,0
2017,sz002709,天赐材料,1
2017,sz002177,御银股份,1
2017,sz000529,广弘控股,0
2017,sz000157,中联重科,1
2017,sz002692,睿康股份,0
2017,sz002369,卓翼科技,1
2017,sz002358,森源电气,1
2017,sz600652,游久游戏,1
2017,sz002773,康弘药业,0
2017,sz000778,新兴铸管,1
2017,sz000530,大冷股份,1
2017,sz000518,四环生物,0
2017,sz000650,仁和药业,0
2017,sz000998,隆平高科,0
2017,sz600966,博汇纸业,0
2017,sz600290,华仪电气,1
2017,sz000670,盈方微,1
2017,sz603766,隆鑫通用,1
2017,sz000733,振华科技,1
2017,sz600392,盛和资源,0
2017,sz002524,光正集团,0
2017,sz000713,丰乐种业,0
2017,sz002695,煌上煌,1
2017,sz601012,隆基股份,0
2017,sz000833,贵糖股份,0
2017,sz002497,雅化集团,0
2017,sz600289,*ST信通,1
2017,sz300008,天海防务,0
2017,sz300139,晓程科技,1
2017,sz000783,长江证券,1
2017,sz000668,荣丰控股,0
2017,sz002106,莱宝高科,0
2017,sz000058,深 赛 格,0
2017,sz002505,大康农业,1
2017,sz002872,天圣制药,0
2017,sz000573,粤宏远Ａ,0
2017,sz000789,万年青,0
2017,sz002276,万马股份,1
2017,sz000413,东旭光电,0
2017,sz600728,佳都科技,1
2017,sz002792,通宇通讯,1
2017,sz000520,长航凤凰,0
2017,sz000571,新大洲Ａ,0
2017,sz300291,华录百纳,0
2017,sz002812,创新股份,0
2017,sz002635,安洁科技,1
2017,sz002096,南岭民爆,0
2017,sz300262,巴安水务,0
2017,sz002723,金莱特,0
2017,sz300216,千山药机,0
2017,sz000636,风华高科,0
2017,sz000766,通化金马,0
2017,sz002074,国轩高科,0
2017,sz002668,奥马电器,1
2017,sz002569,步森股份,1
2017,sz000953,*ST河化,0
2017,sz000768,中航飞机,0
2017,sz000961,中南建设,1
2017,sz000608,阳光股份,0
2017,sz002545,东方铁塔,0
2017,sz300440,运达科技,0
2017,sz002645,华宏科技,0
2017,sz000820,神雾节能,0
2017,sz002290,中科新材,0
2017,sz600401,*ST海润,0
2017,sz600691,阳煤化工,0
2017,sz002249,大洋电机,0
2017,sz002209,达 意 隆,0
2017,sz601200,上海环境,0
2017,sz000892,欢瑞世纪,0
2017,sz603680,今创集团,0
2017,sz600151,航天机电,0
2017,sz000723,美锦能源,1
2017,sz002538,司尔特,1
2017,sz300392,腾信股份,1
2017,sz300493,润欣科技,0
2017,sz000428,华天酒店,1
2017,sz603843,正平股份,0
2017,sz603843,正平股份,0
2017,sz000762,西藏矿业,0
2017,sz002496,辉丰股份,0
2017,sz300682,朗新科技,1
2017,sz000901,航天科技,1
2017,sz002301,齐心集团,1
2017,sz000691,亚太实业,0
2017,sz000532,华金资本,0
2017,sz002902,铭普光磁,1
2017,sz000806,银河生物,1
2017,sz600187,国中水务,0
2017,sz600525,长园集团,0
2017,sz000852,石化机械,0
2017,sz002412,汉森制药,0
2017,sz000957,中通客车,0
2017,sz600260,凯乐科技,1
2017,sz600568,中珠医疗,1
2017,sz002226,江南化工,0
2017,sz601113,华鼎股份,1
2017,sz300173,智慧松德,0
2017,sz603366,日出东方,0
2017,sz600634,*ST富控,0
2017,sz603090,宏盛股份,0
2017,sz002674,兴业科技,0
2017,sz000737,*ST南风,0
2017,sz601777,力帆股份,1
2017,sz300233,金城医药,0
2017,sz300195,长荣股份,0
2017,sz300511,雪榕生物,1
2017,sz300465,高伟达,1
2017,sz600682,南京新百,1
2017,sz300268,佳沃股份,0
2017,sz002456,欧菲科技,1
2017,sz000422,*ST宜化,0
2017,sz600575,皖江物流,0
2017,sz300554,三超新材,0
2017,sz600740,山西焦化,0
2017,sz300525,博思软件,1
2017,sz000534,万泽股份,0
2017,sz600691,阳煤化工,0
2017,sz200468,*ST宁通B,1
2017,sz000620,新华联,1
2017,sz000629,*ST钒钛,0
2017,sz000911,南宁糖业,0
2017,sz000010,美丽生态,0
2017,sz000065,北方国际,0
2017,sz000897,津滨发展,0
2017,sz000409,*ST地矿,0
2017,sz002356,赫美集团,0
2017,sz600425,青松建化,0
2017,sz000995,*ST皇台,1
2017,sz600461,洪城水业,0
2017,sz000415,渤海金控,0
2017,sz000838,财信发展,0
2017,sz600316,洪都航空,0
2017,sz300418,昆仑万维,1
2017,sz600283,钱江水利,0
2017,sz000661,长春高新,0
2017,sz600984,建设机械,0
2017,sz002004,华邦健康,0
2017,sz600526,菲达环保,0
2017,sz601127,小康股份,1
2017,sz002264,新 华 都,0
2017,sz000950,*ST建峰,0
2017,sz300063,天龙集团,1
2017,sz000048,*ST康达,0
2017,sz600610,*ST毅达,0
2017,sz000803,*ST金宇,0
2017,sz000012,南 玻Ａ,0
2017,sz002418,康盛股份,0
2017,sz000651,格力电器,1
2017,sz603108,润达医疗,0
2017,sz000786,北新建材,0
2017,sz300065,海兰信,1
2017,sz000910,大亚圣象,0
2017,sz000018,神州长城,1
2017,sz002373,千方科技,1
2017,sz000951,中国重汽,0
2017,sz300269,联建光电,1
2017,sz000868,安凯客车,0
2017,sz000930,中粮生化,0
2017,sz600320,振华重工,0
2017,sz600090,同济堂,1
2017,sz200168,舜B,0
2017,sz000533,万 家 乐,0
2017,sz002171,楚江新材,0
2017,sz000423,东阿阿胶,1
2017,sz300525,博思软件,1
2017,sz000534,万泽股份,0
2017,sz600509,天富能源,0
2017,sz300356,光一科技,1
2017,sz300063,天龙集团,1
2017,sz002288,超华科技,0
2017,sz300715,凯伦股份,0
2017,sz600869,智慧能源,1
2017,sz002638,勤上股份,0
2017,sz000922,*ST佳电,1
2017,sz300056,三维丝,0
2017,sz000923,河北宣工,0
2017,sz000519,中兵红箭,0
